customerID,gender,SeniorCitizen,Partner,Dependents,tenure,PhoneService,MultipleLines,InternetService,OnlineSecurity,OnlineBackup,DeviceProtection,TechSupport,StreamingTV,StreamingMovies,Contract,PaperlessBilling,PaymentMethod,MonthlyCharges,TotalCharges,Churn
8270-AAA,Female,0,Yes,Yes,3,Yes,No,Fiber optic,No,No,Yes,No,No,No,Month-to-month,Yes,Credit card (automatic),60.9,170.39,Yes
1860-BDH,Female,0,No,No,10,Yes,No,Fiber optic,No,No,Yes,Yes,No,No,Two year,Yes,Electronic check,72.79,734.51,No
6390-CGO,Female,1,No,Yes,29,Yes,Yes,Fiber optic,No,No,No,No,No,Yes,One year,Yes,Bank transfer (automatic),55.68,1628.32,No
6191-DJV,Female,0,No,No,35,Yes,Yes,DSL,No,No,No,Yes,No,Yes,Month-to-month,Yes,Electronic check,97.64,3420.56,No
6734-EMC,Male,1,No,Yes,6,Yes,No,Fiber optic,Yes,Yes,No,No,No,No,One year,Yes,Bank transfer (automatic),22.2,121.18,No
7265-FPJ,Male,0,Yes,No,12,Yes,Yes,Fiber optic,No,Yes,No,No,Yes,No,Month-to-month,Yes,Bank transfer (automatic),61.64,746.52,Yes
1466-GSQ,Male,0,No,No,38,Yes,No,DSL,No,No,No,Yes,No,No,One year,Yes,Bank transfer (automatic),56.67,2147.43,No
5426-HVX,Female,1,Yes,No,19,Yes,Yes,DSL,Yes,No,Yes,No,No,No,Two year,Yes,Credit card (automatic),83.33,1594.45,No
6578-IYE,Male,0,Yes,No,67,Yes,No,Fiber optic,No,No,Yes,No,Yes,Yes,Month-to-month,Yes,Credit card (automatic),115.36,7751.37,Yes
9322-JBL,Male,0,No,Yes,8,Yes,No,No,No internet service,No internet service,No internet service,No internet service,No internet service,No internet service,One year,No,Electronic check,69.54,517.24,Yes
2685-KES,Male,0,Yes,Yes,8,Yes,No,DSL,No,Yes,No,No,No,No,Month-to-month,Yes,Mailed check,117.43,941.11,Yes
1769-LHZ,Female,0,No,No,47,Yes,Yes,Fiber optic,No,Yes,Yes,Yes,Yes,No,Month-to-month,Yes,Bank transfer (automatic),48.63,2259.57,No
7949-MKG,Female,0,No,No,4,Yes,Yes,DSL,Yes,Yes,Yes,Yes,No,No,Two year,No,Mailed check,21.35,122.03,No
3433-NNN,Female,0,No,No,51,No,No phone service,Fiber optic,No,No,Yes,No,Yes,No,Month-to-month,No,Electronic check,34.9,1772.88,Yes
6311-OQU,Male,1,No,Yes,67,Yes,No,No,No internet service,No internet service,No internet service,No internet service,No internet service,No internet service,Month-to-month,Yes,Mailed check,57.96,3894.52,No
6051-PTB,Male,0,Yes,Yes,45,No,No phone service,Fiber optic,Yes,No,Yes,Yes,Yes,No,Month-to-month,Yes,Mailed check,50.04,2251.27,No
7420-QWI,Male,0,Yes,Yes,8,Yes,Yes,DSL,Yes,No,No,No,Yes,No,One year,No,Mailed check,28.0,211.95,No
2184-RZP,Female,0,No,No,16,Yes,No,Fiber optic,No,No,No,No,No,No,Month-to-month,Yes,Credit card (automatic),61.73,973.85,Yes
5555-SCW,Female,0,Yes,Yes,67,Yes,No,DSL,Yes,No,No,No,No,No,Two year,No,Mailed check,52.23,3523.2,No
4385-TFD,Male,0,No,No,9,Yes,No,DSL,Yes,No,No,No,No,No,Month-to-month,Yes,Electronic check,30.57,289.47,Yes
7396-UIK,Female,1,No,Yes,60,Yes,No,Fiber optic,Yes,Yes,No,No,No,Yes,Month-to-month,Yes,Electronic check,48.01,2909.75,No
9666-VLR,Female,0,No,No,71,No,No phone service,Fiber optic,Yes,No,Yes,No,No,Yes,One year,Yes,Credit card (automatic),107.34,7621.97,No
3558-WOY,Female,0,Yes,No,15,Yes,Yes,DSL,Yes,Yes,Yes,No,Yes,Yes,Month-to-month,No,Credit card (automatic),48.61,733.47,No
8849-XRF,Female,0,Yes,No,71,Yes,No,No,No internet service,No internet service,No internet service,No internet service,No internet service,No internet service,One year,No,Bank transfer (automatic),90.0,6385.99,No
3047-YUM,Male,0,Yes,No,41,Yes,No,Fiber optic,No,Yes,Yes,No,No,Yes,Month-to-month,Yes,Mailed check,79.76,3265.85,Yes
3747-ZXT,Female,0,Yes,No,22,Yes,Yes,DSL,Yes,No,No,No,Yes,No,Month-to-month,Yes,Credit card (automatic),61.18,1330.33,No
1189-AAA,Female,0,No,No,24,Yes,No,Fiber optic,Yes,No,No,Yes,Yes,No,Month-to-month,Yes,Bank transfer (automatic),42.27,1015.74,Yes
3734-BDH,Female,0,Yes,No,44,Yes,No,Fiber optic,Yes,No,No,Yes,No,Yes,Two year,Yes,Credit card (automatic),55.34,2423.12,No
4005-CGO,Female,0,Yes,No,1,Yes,Yes,Fiber optic,No,No,Yes,No,Yes,Yes,One year,No,Bank transfer (automatic),77.76,84.39,Yes
5658-DJV,Male,0,Yes,No,10,Yes,Yes,Fiber optic,No,No,No,No,Yes,Yes,Two year,Yes,Mailed check,53.5,537.55,No
2899-EMC,Male,0,No,Yes,72,Yes,No,Fiber optic,No,No,No,No,No,No,Month-to-month,No,Mailed check,39.85,2873.52,Yes
8734-FPJ,Female,0,No,No,56,Yes,Yes,DSL,No,No,No,No,No,No,One year,No,Electronic check,29.95,1702.33,No
2267-GSQ,Female,0,Yes,Yes,50,Yes,No,Fiber optic,No,No,No,Yes,No,No,Month-to-month,No,Electronic check,106.67,5332.93,Yes
2528-HVX,Female,0,Yes,Yes,12,Yes,No,Fiber optic,Yes,No,No,No,No,No,Two year,No,Bank transfer (automatic),62.5,761.35,No
4556-IYE,Female,0,Yes,No,60,Yes,Yes,DSL,Yes,Yes,No,No,No,Yes,One year,Yes,Credit card (automatic),81.08,4895.57,No
4890-JBL,Female,0,Yes,No,26,Yes,Yes,Fiber optic,No,Yes,No,No,No,Yes,One year,Yes,Bank transfer (automatic),67.54,1775.64,Yes
9838-KES,Female,0,No,No,41,Yes,No,No,No internet service,No internet service,No internet service,No internet service,No internet service,No internet service,Month-to-month,Yes,Mailed check,105.94,4360.84,Yes
6393-LHZ,Male,0,No,No,36,Yes,Yes,No,No internet service,No internet service,No internet service,No internet service,No internet service,No internet service,Month-to-month,Yes,Electronic check,73.22,2631.32,Yes
9792-MKG,Female,1,Yes,No,23,Yes,No,DSL,Yes,No,Yes,No,Yes,Yes,Month-to-month,Yes,Electronic check,66.57,1534.55,Yes
9433-NNN,Male,0,Yes,No,43,Yes,Yes,DSL,No,Yes,No,Yes,Yes,No,Two year,Yes,Mailed check,111.17,4760.54,No
8513-OQU,Male,0,No,Yes,6,Yes,No,Fiber optic,Yes,No,Yes,No,No,No,Month-to-month,No,Mailed check,90.58,550.96,Yes
3612-PTB,Female,1,Yes,Yes,69,Yes,No,DSL,No,Yes,Yes,No,Yes,No,Month-to-month,Yes,Bank transfer (automatic),29.46,2036.86,No
8041-QWI,Male,0,No,No,43,Yes,Yes,No,No internet service,No internet service,No internet service,No internet service,No internet service,No internet service,Month-to-month,No,Electronic check,36.11,1553.08,Yes
7235-RZP,Male,0,Yes,Yes,25,Yes,Yes,DSL,Yes,Yes,No,Yes,No,No,Month-to-month,No,Credit card (automatic),97.36,2449.41,No
6486-SCW,Male,0,No,Yes,18,Yes,Yes,DSL,Yes,No,No,No,No,No,Month-to-month,No,Mailed check,102.25,1822.38,Yes
8099-TFD,Male,0,Yes,No,62,Yes,Yes,DSL,No,No,Yes,No,Yes,Yes,Two year,Yes,Credit card (automatic),73.04,4553.0,No
1775-UIK,Male,0,No,No,13,Yes,No,DSL,No,Yes,No,No,Yes,Yes,One year,Yes,Mailed check,73.97,975.14,No
9226-VLR,Male,1,No,No,43,No,No phone service,Fiber optic,No,No,Yes,Yes,Yes,No,Two year,Yes,Electronic check,81.76,,No
4152-WOY,Female,0,Yes,No,28,No,No phone service,Fiber optic,No,No,No,Yes,Yes,No,Two year,Yes,Credit card (automatic),62.38,1744.41,No
2585-XRF,Male,0,Yes,No,18,Yes,No,DSL,Yes,Yes,No,No,Yes,Yes,Month-to-month,Yes,Bank transfer (automatic),86.61,1566.19,Yes
4943-YUM,Male,0,Yes,Yes,59,Yes,Yes,DSL,Yes,No,No,Yes,No,No,Month-to-month,No,Mailed check,29.15,1742.66,No
8555-ZXT,Male,1,Yes,Yes,60,Yes,No,Fiber optic,Yes,No,No,No,No,No,Month-to-month,Yes,Mailed check,114.86,6893.12,No
4073-AAA,Female,0,Yes,No,63,No,No phone service,DSL,Yes,No,No,Yes,No,No,Two year,Yes,Electronic check,93.64,5901.48,No
2021-BDH,Male,0,Yes,No,57,Yes,No,Fiber optic,Yes,No,No,No,Yes,No,Month-to-month,No,Bank transfer (automatic),81.68,4656.03,No
4843-CGO,Female,0,No,No,51,Yes,Yes,Fiber optic,Yes,Yes,Yes,No,No,No,Month-to-month,Yes,Credit card (automatic),50.04,2578.77,No
8989-DJV,Male,0,Yes,Yes,56,Yes,Yes,Fiber optic,No,Yes,No,No,No,No,Month-to-month,Yes,Electronic check,34.43,1922.55,Yes
7873-EMC,Female,1,Yes,No,27,Yes,No,No,No internet service,No internet service,No internet service,No internet service,No internet service,No internet service,Month-to-month,No,Electronic check,59.39,1603.09,Yes
6675-FPJ,Female,1,No,No,32,Yes,No,No,No internet service,No internet service,No internet service,No internet service,No internet service,No internet service,Month-to-month,Yes,Credit card (automatic),84.74,2733.63,Yes
1161-GSQ,Male,0,Yes,No,9,No,No phone service,No,No internet service,No internet service,No internet service,No internet service,No internet service,No internet service,Month-to-month,No,Electronic check,81.94,739.67,Yes
5297-HVX,Male,1,No,No,68,Yes,No,DSL,Yes,No,No,Yes,No,No,Two year,Yes,Bank transfer (automatic),56.71,3873.34,No
1995-IYE,Female,0,Yes,No,46,Yes,No,DSL,No,No,No,No,No,No,Two year,No,Mailed check,79.89,3661.27,No
8629-JBL,Male,1,No,No,67,Yes,Yes,DSL,No,No,Yes,No,No,Yes,Month-to-month,Yes,Bank transfer (automatic),100.03,6698.93,No
2016-KES,Female,0,No,No,26,Yes,No,No,No internet service,No internet service,No internet service,No internet service,No internet service,No internet service,Month-to-month,Yes,Mailed check,20.89,565.41,No
8869-LHZ,Female,0,No,No,8,Yes,No,No,No internet service,No internet service,No internet service,No internet service,No internet service,No internet service,Two year,No,Electronic check,63.54,498.17,No
7439-MKG,Female,0,No,No,6,Yes,No,Fiber optic,No,No,Yes,Yes,No,No,Month-to-month,Yes,Electronic check,94.48,564.61,Yes
8892-NNN,Female,0,Yes,No,24,Yes,Yes,DSL,No,Yes,Yes,No,No,Yes,Two year,Yes,Bank transfer (automatic),73.14,1759.21,No
7863-OQU,Female,0,No,No,48,Yes,Yes,No,No internet service,No internet service,No internet service,No internet service,No internet service,No internet service,Month-to-month,Yes,Bank transfer (automatic),83.72,4003.72,No
8916-PTB,Male,0,Yes,No,45,Yes,Yes,DSL,Yes,No,No,Yes,Yes,Yes,One year,Yes,Bank transfer (automatic),70.18,3151.89,No
9529-QWI,Female,0,Yes,Yes,13,Yes,No,DSL,Yes,Yes,No,No,No,No,One year,Yes,Bank transfer (automatic),117.93,1534.78,Yes
1878-RZP,Female,0,Yes,No,69,No,No phone service,Fiber optic,No,Yes,Yes,No,Yes,No,One year,No,Electronic check,23.74,1638.76,No
5887-SCW,Male,0,No,No,25,No,No phone service,DSL,No,Yes,No,Yes,No,No,Two year,Yes,Electronic check,67.6,1709.21,No
5859-TFD,Female,0,Yes,No,20,Yes,Yes,Fiber optic,Yes,No,No,No,No,Yes,Month-to-month,No,Credit card (automatic),27.44,571.92,Yes
7331-UIK,Male,1,No,No,66,Yes,No,DSL,Yes,Yes,Yes,No,Yes,Yes,Month-to-month,Yes,Mailed check,34.31,2251.62,No
9571-VLR,Male,0,No,No,45,No,No phone service,Fiber optic,No,No,No,Yes,Yes,No,Month-to-month,Yes,Electronic check,56.75,2555.42,No
9684-WOY,Male,0,No,Yes,47,Yes,Yes,Fiber optic,Yes,No,No,No,Yes,Yes,Two year,No,Electronic check,33.88,1602.47,No
8208-XRF,Female,0,No,No,63,Yes,Yes,Fiber optic,No,No,No,No,Yes,Yes,Month-to-month,No,Electronic check,115.1,7274.05,Yes
6276-YUM,Female,1,Yes,No,55,No,No phone service,Fiber optic,No,No,No,No,Yes,No,Two year,Yes,Mailed check,113.4,6247.78,No
3062-ZXT,Female,0,Yes,No,19,Yes,No,DSL,Yes,No,Yes,No,Yes,Yes,Month-to-month,Yes,Credit card (automatic),52.03,992.93,No
1064-AAA,Male,0,Yes,No,35,Yes,No,Fiber optic,No,Yes,No,Yes,Yes,No,Month-to-month,Yes,Credit card (automatic),82.54,2898.9,Yes
9006-BDH,Female,0,Yes,No,53,No,No phone service,No,No internet service,No internet service,No internet service,No internet service,No internet service,No internet service,One year,Yes,Credit card (automatic),71.89,3820.28,No
3568-CGO,Male,1,Yes,No,26,Yes,No,DSL,No,No,Yes,Yes,Yes,No,Month-to-month,No,Credit card (automatic),100.22,2591.8,No
6463-DJV,Female,0,Yes,Yes,14,Yes,Yes,Fiber optic,Yes,No,Yes,No,No,Yes,Month-to-month,Yes,Credit card (automatic),81.31,1141.23,No
3027-EMC,Male,0,Yes,No,45,Yes,No,DSL,No,No,No,Yes,Yes,No,Month-to-month,No,Mailed check,18.28,844.49,No
3695-FPJ,Female,0,No,No,44,Yes,Yes,DSL,No,No,No,No,Yes,No,Month-to-month,Yes,Electronic check,94.95,4174.69,Yes
6258-GSQ,Female,1,No,No,65,Yes,Yes,Fiber optic,No,No,No,Yes,No,No,One year,Yes,Credit card (automatic),93.31,6067.09,No
6618-HVX,Female,0,Yes,No,51,Yes,No,Fiber optic,Yes,No,Yes,No,No,No,One year,No,Electronic check,69.48,3539.84,No
7736-IYE,Male,0,No,No,43,No,No phone service,DSL,No,No,No,No,No,Yes,Month-to-month,Yes,Electronic check,108.99,4651.86,Yes
1391-JBL,Male,1,Yes,Yes,23,Yes,Yes,Fiber optic,No,No,No,No,Yes,No,Month-to-month,Yes,Electronic check,109.55,2519.96,Yes
6892-KES,Female,0,Yes,No,56,Yes,Yes,Fiber optic,No,No,No,Yes,No,No,Month-to-month,No,Mailed check,70.9,3974.93,No
4561-LHZ,Female,0,No,No,19,Yes,No,No,No internet service,No internet service,No internet service,No internet service,No internet service,No internet service,Month-to-month,No,Electronic check,79.35,1499.96,Yes
7184-MKG,Male,0,No,No,55,Yes,No,DSL,No,No,No,Yes,No,Yes,Two year,No,Electronic check,118.4,6494.68,No
4099-NNN,Male,0,Yes,No,60,Yes,No,No,No internet service,No internet service,No internet service,No internet service,No internet service,No internet service,Two year,Yes,Mailed check,48.28,2883.59,No
7278-OQU,Male,0,No,Yes,59,No,No phone service,DSL,Yes,No,No,Yes,No,Yes,Month-to-month,Yes,Credit card (automatic),50.87,3012.79,No
9392-PTB,Female,0,No,Yes,33,Yes,Yes,Fiber optic,No,No,No,Yes,No,Yes,Month-to-month,No,Bank transfer (automatic),36.62,1238.05,No
4104-QWI,Male,0,No,No,19,Yes,Yes,DSL,No,No,Yes,Yes,No,Yes,Two year,Yes,Credit card (automatic),108.28,2078.06,No
8215-RZP,Female,0,No,No,28,Yes,Yes,DSL,Yes,No,No,No,No,No,Month-to-month,No,Electronic check,93.07,2585.79,Yes
3454-SCW,Male,1,No,Yes,52,Yes,No,Fiber optic,No,No,Yes,No,No,Yes,Month-to-month,Yes,Electronic check,28.87,1514.06,Yes
9996-TFD,Female,0,Yes,No,49,Yes,No,Fiber optic,Yes,Yes,Yes,No,No,Yes,One year,Yes,Bank transfer (automatic),116.92,5719.13,Yes
3731-UIK,Male,1,Yes,No,37,Yes,No,DSL,No,No,Yes,No,No,No,Month-to-month,No,Mailed check,91.71,3384.54,Yes
9154-VLR,Male,0,Yes,No,26,Yes,Yes,DSL,Yes,No,Yes,No,No,Yes,Month-to-month,Yes,Bank transfer (automatic),103.73,2690.05,Yes
6056-WOY,Male,1,Yes,No,40,No,No phone service,Fiber optic,No,Yes,Yes,No,Yes,No,Two year,Yes,Credit card (automatic),23.09,934.19,No
9110-XRF,Male,0,No,Yes,38,Yes,No,DSL,No,No,Yes,No,No,No,One year,Yes,Bank transfer (automatic),69.0,2636.39,No
4840-YUM,Male,0,Yes,Yes,54,Yes,Yes,Fiber optic,No,No,Yes,No,Yes,Yes,Month-to-month,Yes,Credit card (automatic),88.46,4775.37,No
2028-ZXT,Female,0,No,No,22,Yes,No,DSL,No,No,No,No,No,No,Month-to-month,Yes,Mailed check,72.82,1600.82,Yes
8385-AAA,Male,1,No,No,16,Yes,No,DSL,No,Yes,Yes,Yes,No,No,Month-to-month,Yes,Electronic check,85.25,1370.96,Yes
1502-BDH,Male,0,No,No,28,Yes,No,DSL,Yes,No,No,Yes,Yes,No,One year,Yes,Mailed check,100.45,2821.12,No
7910-CGO,Male,0,No,No,35,Yes,No,Fiber optic,No,No,Yes,No,No,Yes,Month-to-month,No,Electronic check,55.87,1973.09,Yes
7938-DJV,Female,0,No,No,60,Yes,No,DSL,No,No,No,Yes,Yes,No,Month-to-month,Yes,Electronic check,103.54,6193.13,No
5488-EMC,Male,0,Yes,No,45,Yes,No,DSL,No,Yes,No,No,No,No,Two year,No,Electronic check,34.62,1558.2,No
1206-FPJ,Female,0,No,No,46,Yes,No,No,No internet service,No internet service,No internet service,No internet service,No internet service,No internet service,Month-to-month,Yes,Mailed check,45.47,2075.6,No
6134-GSQ,Male,0,Yes,No,72,Yes,Yes,Fiber optic,Yes,No,No,No,Yes,No,Month-to-month,No,Electronic check,22.61,1627.16,No
6977-HVX,Male,0,No,No,55,Yes,No,DSL,No,No,No,Yes,No,Yes,Month-to-month,Yes,Electronic check,54.87,3014.46,No
8721-IYE,Female,0,Yes,Yes,26,Yes,Yes,DSL,No,No,Yes,Yes,No,No,Month-to-month,No,Bank transfer (automatic),56.43,1466.48,No
8035-JBL,Male,0,No,No,25,Yes,No,Fiber optic,No,No,No,No,No,No,Month-to-month,No,Bank transfer (automatic),99.18,2467.5,Yes
2484-KES,Female,0,No,Yes,65,Yes,No,DSL,Yes,No,No,No,No,No,Two year,No,Bank transfer (automatic),83.89,5430.54,No
8858-LHZ,Female,0,Yes,No,6,Yes,No,DSL,Yes,No,No,Yes,Yes,No,Two year,Yes,Bank transfer (automatic),62.14,341.42,No
1863-MKG,Male,0,Yes,No,23,Yes,Yes,Fiber optic,No,No,No,No,No,No,Month-to-month,Yes,Electronic check,83.79,1925.2,Yes
3790-NNN,Female,0,No,No,64,Yes,Yes,Fiber optic,Yes,No,Yes,No,Yes,No,Month-to-month,No,Electronic check,23.55,1500.73,No
8408-OQU,Male,0,No,No,43,Yes,No,Fiber optic,No,No,No,Yes,Yes,No,One year,No,Electronic check,36.37,1553.77,Yes
9755-PTB,Male,0,No,Yes,23,Yes,No,DSL,Yes,No,Yes,Yes,Yes,No,Month-to-month,No,Credit card (automatic),81.26,1888.82,No
6116-QWI,Female,0,No,Yes,30,Yes,No,DSL,No,Yes,No,No,No,Yes,Month-to-month,Yes,Bank transfer (automatic),82.71,2468.41,No
7019-RZP,Female,0,Yes,No,18,Yes,Yes,Fiber optic,No,No,Yes,Yes,No,No,Two year,No,Electronic check,96.05,1750.15,Yes
2757-SCW,Female,0,Yes,Yes,21,No,No phone service,DSL,No,Yes,No,No,Yes,No,Month-to-month,Yes,Mailed check,58.75,1258.11,No
8574-TFD,Female,0,Yes,No,57,Yes,No,Fiber optic,No,Yes,Yes,No,Yes,Yes,Month-to-month,Yes,Credit card (automatic),90.87,5150.33,No
7374-UIK,Male,0,No,No,23,Yes,No,Fiber optic,Yes,No,Yes,No,Yes,No,Month-to-month,Yes,Bank transfer (automatic),86.99,2002.16,Yes
7892-VLR,Male,0,Yes,No,45,Yes,Yes,DSL,Yes,No,No,No,No,Yes,Month-to-month,Yes,Credit card (automatic),115.07,5172.15,No
2678-WOY,Female,0,No,No,44,Yes,Yes,No,No internet service,No internet service,No internet service,No internet service,No internet service,No internet service,Month-to-month,No,Electronic check,39.87,1710.6,No
4242-XRF,Male,0,No,Yes,47,Yes,No,Fiber optic,Yes,No,No,No,No,No,Month-to-month,No,Electronic check,73.69,3441.76,No
5636-YUM,Male,0,No,No,40,Yes,No,Fiber optic,No,No,No,No,Yes,No,Month-to-month,No,Credit card (automatic),78.73,3160.82,Yes
2059-ZXT,Male,0,No,No,51,Yes,No,DSL,No,No,Yes,Yes,No,Yes,One year,No,Bank transfer (automatic),118.61,6079.4,No
7668-AAA,Male,0,No,Yes,42,Yes,No,DSL,No,No,Yes,No,Yes,No,Month-to-month,Yes,Bank transfer (automatic),38.47,1629.28,No
4157-BDH,Female,1,Yes,No,7,Yes,No,Fiber optic,No,No,No,No,No,Yes,Month-to-month,No,Mailed check,70.83,500.66,Yes
6915-CGO,Female,0,No,Yes,50,Yes,No,DSL,No,No,No,Yes,No,No,One year,Yes,Bank transfer (automatic),53.04,2651.68,No
3693-DJV,Male,0,No,No,48,Yes,Yes,No,No internet service,No internet service,No internet service,No internet service,No internet service,No internet service,Two year,No,Bank transfer (automatic),71.1,3438.04,No
4627-EMC,Female,0,No,No,6,Yes,Yes,DSL,No,No,No,No,No,No,Month-to-month,No,Electronic check,41.58,281.7,Yes
6450-FPJ,Female,0,No,Yes,9,Yes,No,Fiber optic,Yes,No,No,Yes,No,Yes,Month-to-month,No,Mailed check,23.04,198.56,Yes
2663-GSQ,Female,0,Yes,No,57,No,No phone service,DSL,Yes,No,No,Yes,No,Yes,Month-to-month,Yes,Credit card (automatic),75.79,4290.03,No
6592-HVX,Male,0,Yes,No,31,No,No phone service,Fiber optic,No,Yes,No,Yes,Yes,Yes,One year,No,Electronic check,52.0,1580.53,No
8392-IYE,Male,0,No,No,21,Yes,No,DSL,No,Yes,No,No,Yes,No,Month-to-month,Yes,Mailed check,36.54,787.17,Yes
2306-JBL,Male,0,Yes,No,40,Yes,No,DSL,Yes,Yes,No,No,No,No,Month-to-month,Yes,Bank transfer (automatic),50.81,2031.69,No
7776-KES,Female,0,No,No,45,Yes,No,DSL,No,Yes,No,Yes,Yes,Yes,Month-to-month,No,Credit card (automatic),23.2,1046.75,No
6864-LHZ,Male,0,No,Yes,49,No,No phone service,No,No internet service,No internet service,No internet service,No internet service,No internet service,No internet service,Month-to-month,Yes,Mailed check,113.77,5547.87,Yes
8526-MKG,Male,0,Yes,No,20,Yes,Yes,DSL,No,No,No,Yes,Yes,Yes,Month-to-month,No,Mailed check,76.66,1521.9,Yes
9901-NNN,Female,0,No,Yes,17,Yes,No,No,No internet service,No internet service,No internet service,No internet service,No internet service,No internet service,Month-to-month,Yes,Credit card (automatic),100.13,1697.78,Yes
6575-OQU,Male,1,Yes,No,28,Yes,Yes,Fiber optic,No,Yes,No,Yes,No,Yes,Two year,Yes,Credit card (automatic),60.77,1704.68,No
6530-PTB,Male,0,No,No,41,Yes,Yes,DSL,Yes,Yes,Yes,No,No,No,One year,No,Bank transfer (automatic),109.03,4464.25,No
5413-QWI,Female,0,No,No,66,Yes,No,Fiber optic,Yes,Yes,Yes,Yes,No,No,Month-to-month,Yes,Mailed check,66.82,4394.56,No
4748-RZP,Female,0,No,No,25,Yes,No,DSL,No,Yes,Yes,No,No,Yes,Month-to-month,Yes,Electronic check,75.93,1886.48,Yes
1663-SCW,Female,0,Yes,Yes,58,Yes,No,No,No internet service,No internet service,No internet service,No internet service,No internet service,No internet service,Month-to-month,Yes,Bank transfer (automatic),67.68,3943.56,Yes
2998-TFD,Male,1,Yes,No,41,Yes,Yes,Fiber optic,No,Yes,No,Yes,No,No,Month-to-month,Yes,Credit card (automatic),91.94,3773.21,No
8994-UIK,Male,0,No,Yes,6,Yes,No,DSL,No,No,Yes,No,Yes,Yes,Two year,No,Credit card (automatic),75.2,460.38,No
2495-VLR,Male,1,No,Yes,38,Yes,Yes,DSL,Yes,No,Yes,Yes,No,No,Two year,Yes,Electronic check,45.55,1717.42,No
4304-WOY,Female,0,No,Yes,6,Yes,Yes,DSL,Yes,Yes,No,No,No,No,Month-to-month,No,Mailed check,32.88,152.97,Yes
4763-XRF,Female,1,Yes,No,45,Yes,No,No,No internet service,No internet service,No internet service,No internet service,No internet service,No internet service,Month-to-month,No,Mailed check,79.17,3554.8,Yes
6232-YUM,Male,0,Yes,Yes,14,Yes,No,DSL,No,No,No,Yes,Yes,No,Month-to-month,Yes,Credit card (automatic),67.41,930.74,No
2853-ZXT,Male,0,Yes,Yes,66,Yes,No,Fiber optic,No,No,No,Yes,Yes,No,One year,No,Bank transfer (automatic),27.9,1846.64,No
7585-AAA,Female,0,No,Yes,40,Yes,Yes,Fiber optic,No,Yes,No,No,Yes,No,One year,No,Mailed check,58.01,2369.69,No
2291-BDH,Female,0,Yes,Yes,3,No,No phone service,No,No internet service,No internet service,No internet service,No internet service,No internet service,No internet service,Two year,Yes,Electronic check,69.99,220.4,No
4581-CGO,Female,0,Yes,No,24,Yes,No,DSL,No,No,No,No,No,No,One year,Yes,Bank transfer (automatic),101.35,2473.44,Yes
8554-DJV,Female,0,No,No,19,Yes,Yes,Fiber optic,Yes,No,No,No,No,No,Month-to-month,Yes,Electronic check,25.9,500.63,No
8280-EMC,Male,0,Yes,No,18,Yes,No,Fiber optic,No,No,No,No,No,Yes,One year,No,Credit card (automatic),53.27,949.41,Yes
2636-FPJ,Female,0,No,No,64,No,No phone service,Fiber optic,No,No,No,No,No,Yes,One year,No,Bank transfer (automatic),100.93,6464.74,Yes
4696-GSQ,Male,0,No,Yes,35,Yes,Yes,DSL,Yes,Yes,Yes,No,Yes,Yes,Month-to-month,Yes,Mailed check,83.42,2946.41,Yes
1698-HVX,Male,0,No,No,62,Yes,Yes,DSL,No,No,No,Yes,No,No,Month-to-month,No,Mailed check,47.39,2965.62,No
5737-IYE,Male,0,Yes,No,1,Yes,No,DSL,Yes,No,Yes,No,No,Yes,One year,No,Credit card (automatic),103.21,94.58,No
1854-JBL,Female,0,Yes,Yes,25,Yes,No,Fiber optic,Yes,No,Yes,No,Yes,Yes,One year,No,Electronic check,67.83,1699.55,Yes
9164-KES,Female,0,No,Yes,45,Yes,Yes,DSL,Yes,Yes,No,No,No,No,One year,No,Electronic check,68.33,3053.41,No
6855-LHZ,Female,0,No,Yes,49,Yes,Yes,Fiber optic,Yes,No,Yes,No,Yes,Yes,One year,Yes,Credit card (automatic),116.4,5715.97,No
8392-MKG,Female,0,No,Yes,16,Yes,No,DSL,Yes,No,No,Yes,No,No,One year,No,Credit card (automatic),113.44,1838.34,No
7528-NNN,Male,0,Yes,No,19,Yes,Yes,Fiber optic,No,No,No,Yes,No,No,One year,No,Credit card (automatic),54.28,1031.92,No
6249-OQU,Female,0,No,No,23,Yes,Yes,No,No internet service,No internet service,No internet service,No internet service,No internet service,No internet service,Month-to-month,No,Electronic check,32.38,734.73,No
6172-PTB,Female,0,No,Yes,25,Yes,Yes,Fiber optic,No,Yes,No,No,No,No,One year,Yes,Electronic check,50.98,1279.9,Yes
2707-QWI,Male,0,No,Yes,16,Yes,Yes,DSL,No,No,No,No,No,No,Month-to-month,Yes,Electronic check,21.31,347.22,Yes
6791-RZP,Female,0,No,No,54,Yes,No,DSL,Yes,No,No,Yes,Yes,No,Month-to-month,Yes,Electronic check,20.34,1099.58,No
6535-SCW,Male,0,No,Yes,1,Yes,No,DSL,Yes,No,Yes,No,No,No,Month-to-month,Yes,Bank transfer (automatic),58.0,60.68,Yes
5931-TFD,Male,0,No,No,42,Yes,No,DSL,No,No,No,No,No,Yes,One year,No,Electronic check,112.82,4735.83,No
4510-UIK,Male,1,Yes,No,19,Yes,No,Fiber optic,No,No,No,Yes,No,No,One year,Yes,Bank transfer (automatic),105.82,2025.52,Yes
1202-VLR,Male,0,No,Yes,34,Yes,No,Fiber optic,Yes,No,No,No,No,Yes,Two year,No,Electronic check,69.65,2379.14,No
5218-WOY,Male,0,Yes,Yes,55,No,No phone service,No,No internet service,No internet service,No internet service,No internet service,No internet service,No internet service,Month-to-month,No,Mailed check,75.06,4113.55,No
9958-XRF,Male,0,Yes,No,18,Yes,Yes,DSL,No,No,No,No,No,Yes,Month-to-month,No,Credit card (automatic),18.85,324.14,Yes
5389-YUM,Male,0,Yes,No,34,Yes,Yes,Fiber optic,No,No,Yes,No,Yes,No,Month-to-month,Yes,Electronic check,39.91,1353.12,Yes
3327-ZXT,Male,0,Yes,No,45,Yes,Yes,Fiber optic,No,No,Yes,No,No,Yes,Month-to-month,No,Mailed check,20.74,,Yes
9004-AAA,Female,1,Yes,No,6,Yes,Yes,Fiber optic,No,Yes,Yes,No,No,No,One year,No,Electronic check,94.08,566.7,Yes
3931-BDH,Female,0,Yes,Yes,21,Yes,No,DSL,Yes,No,No,No,No,Yes,Month-to-month,No,Electronic check,32.89,681.04,Yes
8777-CGO,Female,0,No,No,70,Yes,No,Fiber optic,No,No,No,No,Yes,Yes,One year,Yes,Mailed check,105.59,7395.22,No
1197-DJV,Female,1,No,No,48,Yes,Yes,Fiber optic,Yes,No,No,No,Yes,Yes,One year,Yes,Mailed check,82.9,3974.24,No
8125-EMC,Male,0,Yes,Yes,39,Yes,No,Fiber optic,No,No,No,No,Yes,Yes,Month-to-month,Yes,Bank transfer (automatic),41.31,1624.3,Yes
2930-FPJ,Female,0,No,No,31,Yes,No,No,No internet service,No internet service,No internet service,No internet service,No internet service,No internet service,Two year,Yes,Credit card (automatic),34.1,1062.1,No
7287-GSQ,Male,0,No,Yes,10,Yes,No,DSL,Yes,No,No,No,No,No,Month-to-month,Yes,Mailed check,81.33,808.57,No
9800-HVX,Female,0,Yes,No,30,Yes,No,DSL,No,No,No,No,No,No,Month-to-month,Yes,Electronic check,108.78,3266.87,Yes
5282-IYE,Female,0,Yes,Yes,18,Yes,No,Fiber optic,Yes,Yes,Yes,Yes,No,No,Two year,No,Bank transfer (automatic),90.45,1647.83,No
3511-JBL,Female,1,No,No,60,Yes,No,Fiber optic,No,No,Yes,Yes,No,No,Two year,Yes,Electronic check,53.28,3188.26,No
1659-KES,Male,0,No,No,15,Yes,No,DSL,No,Yes,No,Yes,Yes,Yes,Month-to-month,Yes,Bank transfer (automatic),77.28,1165.24,Yes
3811-LHZ,Female,0,No,No,4,No,No phone service,Fiber optic,No,Yes,No,Yes,No,Yes,Month-to-month,No,Bank transfer (automatic),49.48,196.86,Yes
8098-MKG,Male,0,Yes,Yes,63,No,No phone service,No,No internet service,No internet service,No internet service,No internet service,No internet service,No internet service,Month-to-month,Yes,Electronic check,118.66,7481.98,No
7546-NNN,Male,0,Yes,No,40,Yes,No,No,No internet service,No internet service,No internet service,No internet service,No internet service,No internet service,Month-to-month,No,Credit card (automatic),93.51,3730.58,Yes
2986-OQU,Female,0,Yes,No,9,Yes,Yes,DSL,No,No,No,No,No,Yes,Two year,Yes,Credit card (automatic),80.0,721.66,No
9338-PTB,Female,0,Yes,No,9,Yes,Yes,Fiber optic,No,No,Yes,No,No,No,One year,Yes,Credit card (automatic),60.79,563.73,Yes
3911-QWI,Female,0,Yes,No,26,Yes,No,Fiber optic,No,No,No,No,No,No,Month-to-month,Yes,Electronic check,80.37,2075.56,Yes
2734-RZP,Male,0,Yes,No,4,Yes,Yes,Fiber optic,No,Yes,Yes,No,No,No,Two year,No,Bank transfer (automatic),52.58,190.38,No
2843-SCW,Female,0,No,No,16,Yes,Yes,Fiber optic,No,Yes,Yes,No,No,No,Month-to-month,Yes,Credit card (automatic),21.15,319.03,Yes
9680-TFD,Male,0,No,No,15,Yes,No,Fiber optic,No,No,No,No,No,No,Month-to-month,No,Electronic check,57.96,851.84,Yes
3976-UIK,Male,0,Yes,No,52,Yes,Yes,Fiber optic,No,No,Yes,No,No,No,Two year,Yes,Credit card (automatic),111.76,5820.45,No
2959-VLR,Female,0,No,No,69,Yes,No,DSL,No,Yes,Yes,No,Yes,No,Two year,Yes,Electronic check,81.19,5581.02,No
6759-WOY,Female,0,Yes,No,5,Yes,No,Fiber optic,No,No,Yes,No,Yes,Yes,Two year,No,Electronic check,26.69,128.98,No
7694-XRF,Male,1,Yes,No,20,Yes,No,Fiber optic,No,No,Yes,No,Yes,No,Month-to-month,Yes,Bank transfer (automatic),107.19,2153.07,Yes
3385-YUM,Male,0,Yes,No,18,Yes,No,DSL,No,No,No,Yes,No,No,One year,No,Bank transfer (automatic),45.27,821.11,No
5736-ZXT,Male,0,No,No,2,Yes,Yes,No,No internet service,No internet service,No internet service,No internet service,No internet service,No internet service,Month-to-month,Yes,Credit card (automatic),42.75,79.72,Yes
2802-AAA,Female,0,No,Yes,13,Yes,No,Fiber optic,No,No,No,No,Yes,No,One year,Yes,Credit card (automatic),48.11,628.29,No
9155-BDH,Male,0,No,No,4,Yes,No,Fiber optic,Yes,No,Yes,No,Yes,Yes,Two year,No,Electronic check,76.26,306.65,No
9120-CGO,Female,0,Yes,No,42,Yes,No,DSL,No,No,Yes,Yes,Yes,No,Month-to-month,No,Electronic check,72.99,3062.22,Yes
7616-DJV,Male,0,No,No,61,Yes,Yes,Fiber optic,No,No,Yes,No,No,No,Two year,Yes,Credit card (automatic),67.64,,No
6534-EMC,Male,0,Yes,No,8,Yes,Yes,DSL,No,Yes,No,Yes,No,No,Month-to-month,No,Electronic check,90.36,756.41,Yes
5061-FPJ,Female,0,No,No,67,Yes,No,DSL,No,No,Yes,Yes,No,Yes,Month-to-month,Yes,Bank transfer (automatic),50.06,3366.16,No
1262-GSQ,Male,0,No,No,63,Yes,Yes,Fiber optic,Yes,No,No,No,Yes,No,One year,No,Mailed check,96.85,6138.76,No
7287-HVX,Female,0,Yes,No,9,Yes,No,DSL,No,No,Yes,No,Yes,No,Month-to-month,No,Electronic check,35.87,315.38,Yes
9815-IYE,Female,1,No,No,11,Yes,Yes,Fiber optic,No,No,Yes,No,No,No,One year,Yes,Electronic check,96.9,1064.63,Yes
3049-JBL,Male,0,No,No,42,Yes,Yes,DSL,No,Yes,No,No,Yes,No,Month-to-month,Yes,Mailed check,84.96,3548.34,No
6423-KES,Female,0,Yes,No,13,Yes,Yes,DSL,Yes,Yes,No,No,Yes,No,Two year,Yes,Credit card (automatic),86.91,1117.69,No
5548-LHZ,Female,0,No,No,36,Yes,Yes,DSL,No,No,Yes,No,Yes,Yes,Month-to-month,Yes,Bank transfer (automatic),66.65,2427.93,No
4108-MKG,Male,0,Yes,Yes,13,No,No phone service,No,No internet service,No internet service,No internet service,No internet service,No internet service,No internet service,Month-to-month,Yes,Bank transfer (automatic),85.28,1100.81,Yes
8158-NNN,Female,0,No,Yes,12,Yes,No,Fiber optic,No,No,No,No,No,Yes,Month-to-month,No,Mailed check,26.27,344.03,Yes
8400-OQU,Female,0,No,No,37,Yes,No,Fiber optic,Yes,Yes,No,No,No,No,Two year,No,Electronic check,103.83,3823.06,No
4170-PTB,Female,1,No,Yes,52,Yes,Yes,DSL,Yes,No,No,Yes,Yes,No,One year,Yes,Electronic check,23.83,1223.36,No
3255-QWI,Male,0,No,No,71,No,No phone service,DSL,Yes,No,No,No,Yes,Yes,One year,Yes,Mailed check,33.2,2352.08,No
2154-RZP,Female,0,No,No,2,Yes,No,No,No internet service,No internet service,No internet service,No internet service,No internet service,No internet service,Month-to-month,Yes,Electronic check,76.22,151.48,Yes
5499-SCW,Male,0,Yes,No,56,Yes,Yes,DSL,No,No,No,No,No,No,Month-to-month,No,Electronic check,92.56,5197.21,Yes
7295-TFD,Male,0,No,No,60,Yes,No,DSL,Yes,No,No,No,No,No,Month-to-month,Yes,Mailed check,25.91,1561.36,No
7197-UIK,Female,0,Yes,Yes,23,Yes,Yes,Fiber optic,Yes,No,Yes,No,No,No,One year,Yes,Mailed check,110.79,2541.93,Yes
2648-VLR,Female,0,No,No,40,Yes,No,DSL,No,No,No,No,No,Yes,Month-to-month,Yes,Electronic check,116.1,4642.0,Yes
6539-WOY,Female,0,Yes,No,64,Yes,No,Fiber optic,Yes,No,No,No,No,Yes,Two year,Yes,Bank transfer (automatic),79.15,5060.81,No
5199-XRF,Male,1,Yes,No,23,Yes,No,Fiber optic,Yes,Yes,Yes,No,No,No,Two year,Yes,Mailed check,66.61,1518.31,No
9445-YUM,Female,0,No,Yes,29,Yes,No,DSL,No,Yes,Yes,Yes,No,No,Month-to-month,Yes,Electronic check,92.76,2676.72,No
3557-ZXT,Female,0,Yes,No,51,Yes,No,DSL,No,Yes,Yes,No,No,No,Month-to-month,Yes,Credit card (automatic),51.25,2629.17,Yes
6592-AAA,Female,0,No,Yes,69,Yes,No,DSL,No,No,No,No,Yes,No,One year,Yes,Electronic check,67.82,4652.16,No
1098-BDH,Female,0,Yes,Yes,31,Yes,No,No,No internet service,No internet service,No internet service,No internet service,No internet service,No internet service,Month-to-month,Yes,Credit card (automatic),110.32,3444.18,Yes
3200-CGO,Female,0,Yes,Yes,50,Yes,No,Fiber optic,No,Yes,No,No,No,No,Month-to-month,Yes,Electronic check,114.29,5709.36,Yes
3961-DJV,Male,0,No,Yes,20,Yes,No,DSL,No,Yes,No,No,No,No,Month-to-month,Yes,Credit card (automatic),111.42,2216.81,Yes
5973-EMC,Male,0,Yes,No,55,Yes,Yes,DSL,No,No,Yes,Yes,Yes,No,One year,No,Electronic check,44.63,2465.75,No
5433-FPJ,Female,0,Yes,Yes,2,Yes,No,Fiber optic,Yes,Yes,No,No,No,No,One year,No,Bank transfer (automatic),41.61,105.5,No
3869-GSQ,Female,0,No,No,25,Yes,Yes,Fiber optic,Yes,Yes,No,No,No,No,Month-to-month,Yes,Mailed check,48.17,1221.01,Yes
1956-HVX,Female,0,Yes,No,13,Yes,No,DSL,No,Yes,No,Yes,No,Yes,Month-to-month,Yes,Bank transfer (automatic),62.6,821.33,No
9352-IYE,Female,1,No,No,70,Yes,No,DSL,No,No,No,Yes,No,No,Month-to-month,No,Mailed check,49.82,3503.7,No
6699-JBL,Male,0,Yes,Yes,67,Yes,No,DSL,No,Yes,No,Yes,No,Yes,One year,Yes,Electronic check,55.86,3716.87,No
7944-KES,Female,0,Yes,No,58,Yes,Yes,Fiber optic,No,No,No,No,Yes,No,Month-to-month,Yes,Bank transfer (automatic),80.62,4668.13,Yes
5493-LHZ,Male,0,No,No,64,Yes,Yes,No,No internet service,No internet service,No internet service,No internet service,No internet service,No internet service,Month-to-month,Yes,Electronic check,94.88,6058.65,Yes
5911-MKG,Male,0,Yes,No,69,No,No phone service,DSL,No,No,No,No,No,No,Two year,No,Credit card (automatic),92.17,6378.1,No
4987-NNN,Female,0,Yes,Yes,59,Yes,No,Fiber optic,Yes,No,No,No,No,Yes,Two year,No,Electronic check,100.1,5900.15,No
7015-OQU,Male,1,Yes,No,60,Yes,No,DSL,Yes,No,No,No,Yes,Yes,Two year,Yes,Mailed check,21.48,1301.48,No
2218-PTB,Male,0,Yes,No,62,Yes,Yes,Fiber optic,No,No,No,No,Yes,No,Two year,Yes,Bank transfer (automatic),23.05,1437.14,No
5496-QWI,Male,0,No,No,16,Yes,Yes,DSL,No,Yes,Yes,Yes,No,No,Month-to-month,No,Mailed check,97.58,1548.35,Yes
5735-RZP,Male,0,Yes,Yes,68,Yes,No,Fiber optic,No,Yes,Yes,No,Yes,Yes,Month-to-month,No,Electronic check,71.82,4874.96,Yes
5555-SCW,Female,0,No,No,15,Yes,No,Fiber optic,Yes,Yes,Yes,No,No,No,Month-to-month,No,Bank transfer (automatic),76.35,1164.66,Yes
9050-TFD,Female,0,No,Yes,55,Yes,Yes,Fiber optic,No,Yes,No,No,Yes,Yes,Month-to-month,Yes,Credit card (automatic),23.53,1282.52,Yes
4446-UIK,Male,0,Yes,Yes,35,Yes,Yes,DSL,No,Yes,No,No,Yes,Yes,Two year,Yes,Credit card (automatic),43.91,1538.72,No
2045-VLR,Female,1,No,No,55,Yes,Yes,DSL,Yes,Yes,Yes,No,No,Yes,One year,No,Mailed check,82.4,4520.26,No
7893-WOY,Female,0,Yes,Yes,14,Yes,No,DSL,No,No,Yes,No,Yes,Yes,One year,Yes,Mailed check,104.6,1459.69,Yes
2693-XRF,Female,0,No,Yes,49,Yes,Yes,Fiber optic,No,No,No,No,No,No,Month-to-month,Yes,Mailed check,110.41,5409.4,Yes
4436-YUM,Female,0,Yes,Yes,7,Yes,Yes,DSL,Yes,No,No,No,No,No,Two year,Yes,Electronic check,68.54,468.04,No
9754-ZXT,Female,0,No,No,30,Yes,Yes,Fiber optic,No,No,No,Yes,Yes,No,Two year,No,Bank transfer (automatic),73.07,2177.69,No
6895-AAA,Male,0,No,No,49,Yes,Yes,DSL,Yes,Yes,No,No,Yes,No,Month-to-month,No,Electronic check,101.97,5000.82,Yes
4354-BDH,Female,0,Yes,No,16,Yes,No,DSL,No,Yes,No,No,No,Yes,Two year,Yes,Mailed check,72.28,1143.81,Yes
1225-CGO,Female,0,No,No,51,Yes,Yes,Fiber optic,Yes,No,No,Yes,Yes,No,Month-to-month,No,Mailed check,70.19,3567.53,No
5893-DJV,Female,0,No,Yes,72,Yes,Yes,DSL,No,Yes,No,Yes,No,Yes,Month-to-month,No,Bank transfer (automatic),109.21,7849.03,No
8022-EMC,Female,0,Yes,No,42,Yes,No,DSL,No,Yes,Yes,Yes,No,No,One year,No,Credit card (automatic),97.64,4099.71,No
6600-FPJ,Male,0,Yes,No,17,Yes,Yes,DSL,No,No,No,No,Yes,No,One year,Yes,Bank transfer (automatic),109.61,1877.53,Yes
8996-GSQ,Male,1,No,Yes,63,Yes,Yes,Fiber optic,No,No,Yes,No,No,Yes,Month-to-month,Yes,Mailed check,40.18,2553.94,No
8683-HVX,Male,0,No,No,45,Yes,No,Fiber optic,No,No,No,No,Yes,No,Month-to-month,Yes,Bank transfer (automatic),70.95,3181.86,Yes
5642-IYE,Male,0,No,No,7,Yes,No,DSL,No,Yes,No,Yes,Yes,Yes,Two year,Yes,Bank transfer (automatic),102.92,752.69,No
8679-JBL,Female,0,No,Yes,27,Yes,No,Fiber optic,No,No,No,No,Yes,No,One year,Yes,Electronic check,29.42,779.27,Yes
9208-KES,Male,1,No,Yes,10,Yes,No,DSL,No,No,Yes,No,No,Yes,One year,Yes,Electronic check,98.11,997.35,Yes
8339-LHZ,Female,1,No,Yes,34,Yes,No,DSL,No,No,No,Yes,No,No,Month-to-month,No,Electronic check,36.64,1234.93,Yes
3205-MKG,Female,0,Yes,Yes,36,Yes,Yes,DSL,No,No,Yes,No,No,Yes,Month-to-month,Yes,Mailed check,99.47,3567.86,Yes
2069-NNN,Female,1,Yes,No,25,Yes,No,No,No internet service,No internet service,No internet service,No internet service,No internet service,No internet service,Month-to-month,Yes,Credit card (automatic),79.76,1982.83,Yes
4444-OQU,Female,0,No,No,6,Yes,No,DSL,No,No,Yes,No,Yes,No,Month-to-month,Yes,Electronic check,37.67,225.23,Yes
2060-PTB,Female,0,No,No,24,Yes,No,DSL,No,Yes,Yes,Yes,Yes,No,Month-to-month,Yes,Mailed check,65.82,1588.38,No
3327-QWI,Male,0,Yes,No,18,Yes,No,DSL,No,No,No,No,No,Yes,Month-to-month,Yes,Credit card (automatic),86.78,1572.09,Yes
4420-RZP,Male,0,Yes,Yes,6,Yes,Yes,DSL,Yes,No,No,No,No,No,One year,No,Credit card (automatic),81.95,477.54,Yes
1301-SCW,Male,0,No,No,29,Yes,No,Fiber optic,Yes,No,No,Yes,No,No,Month-to-month,Yes,Bank transfer (automatic),61.19,1759.67,Yes
1606-TFD,Male,0,No,No,25,Yes,No,DSL,Yes,No,No,Yes,Yes,No,Two year,No,Electronic check,108.64,2702.25,No
4170-UIK,Female,0,Yes,No,55,Yes,No,DSL,No,No,No,Yes,Yes,Yes,Month-to-month,No,Electronic check,70.44,3872.53,No
1699-VLR,Male,0,Yes,No,46,Yes,Yes,Fiber optic,No,No,No,Yes,No,Yes,Month-to-month,Yes,Electronic check,69.09,3174.99,Yes
6088-WOY,Female,0,Yes,No,24,Yes,Yes,DSL,No,No,No,No,No,No,Month-to-month,Yes,Electronic check,24.51,573.99,Yes
1190-XRF,Male,0,Yes,No,26,Yes,Yes,Fiber optic,No,No,No,No,No,No,Month-to-month,No,Electronic check,110.92,2887.96,Yes
1980-YUM,Female,0,Yes,No,28,Yes,No,Fiber optic,No,No,No,Yes,No,No,Month-to-month,Yes,Mailed check,36.05,1043.34,Yes
3975-ZXT,Female,0,Yes,Yes,3,Yes,Yes,DSL,No,Yes,No,No,No,Yes,Two year,Yes,Electronic check,71.35,206.48,Yes
7102-AAA,Male,0,No,Yes,38,Yes,Yes,Fiber optic,Yes,Yes,No,No,No,No,Two year,No,Electronic check,99.01,3755.88,No
2184-BDH,Female,1,Yes,Yes,61,No,No phone service,DSL,Yes,No,No,Yes,No,Yes,Month-to-month,Yes,Electronic check,39.9,2442.29,No
4327-CGO,Female,0,No,No,51,Yes,No,Fiber optic,No,No,Yes,Yes,No,No,Month-to-month,Yes,Bank transfer (automatic),71.25,3625.37,No
4394-DJV,Male,0,No,No,48,Yes,Yes,DSL,No,No,Yes,No,No,No,One year,No,Bank transfer (automatic),42.44,2047.15,No
9319-EMC,Female,0,Yes,No,21,Yes,No,DSL,No,No,No,No,Yes,Yes,One year,Yes,Mailed check,94.6,1975.82,Yes
2816-FPJ,Male,0,No,No,54,Yes,Yes,Fiber optic,Yes,Yes,Yes,Yes,Yes,No,Month-to-month,Yes,Electronic check,74.97,4075.86,Yes
6854-GSQ,Male,0,Yes,No,56,Yes,No,Fiber optic,No,Yes,Yes,Yes,No,Yes,One year,No,Mailed check,104.28,5844.85,No
7709-HVX,Male,0,No,No,59,Yes,No,No,No internet service,No internet service,No internet service,No internet service,No internet service,No internet service,Two year,No,Electronic check,108.15,6371.55,No
1569-IYE,Female,1,Yes,Yes,72,Yes,No,Fiber optic,Yes,No,No,No,No,No,One year,Yes,Electronic check,83.45,5999.57,No
6442-JBL,Female,0,No,Yes,51,Yes,No,DSL,Yes,Yes,Yes,No,No,No,Two year,Yes,Credit card (automatic),91.15,4640.94,No
2895-KES,Female,1,No,No,20,No,No phone service,DSL,Yes,No,No,Yes,Yes,No,Two year,No,Credit card (automatic),73.45,1489.59,No
3733-LHZ,Male,1,Yes,No,59,Yes,Yes,DSL,Yes,Yes,No,No,Yes,Yes,Two year,No,Bank transfer (automatic),56.89,3337.48,No
4863-MKG,Female,0,Yes,No,71,Yes,Yes,Fiber optic,Yes,Yes,No,No,No,Yes,Month-to-month,Yes,Credit card (automatic),83.39,5910.67,Yes
8455-NNN,Male,1,No,Yes,9,No,No phone service,DSL,Yes,No,Yes,No,Yes,No,One year,Yes,Bank transfer (automatic),109.53,977.35,Yes
5014-OQU,Male,0,No,Yes,1,Yes,Yes,No,No internet service,No internet service,No internet service,No internet service,No internet service,No internet service,Two year,Yes,Electronic check,60.13,59.89,No
2686-PTB,Female,0,Yes,No,29,Yes,No,DSL,No,No,Yes,No,Yes,No,One year,No,Credit card (automatic),49.85,1441.58,No
4009-QWI,Male,0,No,Yes,63,Yes,No,DSL,Yes,No,No,No,No,No,Two year,No,Electronic check,57.29,3586.9,No
8806-RZP,Female,1,Yes,Yes,72,Yes,No,DSL,Yes,Yes,Yes,No,No,Yes,Month-to-month,No,Bank transfer (automatic),62.01,4458.72,No
1154-SCW,Female,1,No,No,56,No,No phone service,Fiber optic,Yes,No,Yes,No,Yes,Yes,Month-to-month,No,Electronic check,25.64,1434.35,No
2409-TFD,Female,0,Yes,Yes,68,No,No phone service,Fiber optic,No,No,Yes,No,No,No,Month-to-month,Yes,Mailed check,68.34,4637.7,No
1784-UIK,Female,0,No,No,35,Yes,No,Fiber optic,Yes,No,Yes,No,No,No,Month-to-month,Yes,Bank transfer (automatic),67.93,,Yes
9096-VLR,Female,0,Yes,Yes,3,Yes,Yes,DSL,No,No,Yes,No,No,No,Month-to-month,No,Mailed check,77.39,245.96,Yes
8560-WOY,Male,0,Yes,Yes,7,Yes,No,Fiber optic,No,Yes,No,Yes,No,No,One year,No,Electronic check,54.71,381.79,Yes
8343-XRF,Male,0,Yes,No,27,Yes,No,DSL,Yes,No,Yes,Yes,Yes,No,Month-to-month,Yes,Electronic check,79.87,2159.95,No
8206-YUM,Male,0,Yes,No,1,Yes,Yes,Fiber optic,No,No,Yes,No,Yes,Yes,One year,Yes,Mailed check,106.51,74.09,Yes
6596-ZXT,Female,0,No,No,71,Yes,No,Fiber optic,Yes,No,No,Yes,Yes,Yes,One year,No,Credit card (automatic),114.27,8106.85,Yes
6801-AAA,Female,0,Yes,No,44,No,No phone service,DSL,No,Yes,No,No,No,No,Month-to-month,Yes,Credit card (automatic),76.9,3398.67,No
3806-BDH,Female,1,No,Yes,41,No,No phone service,Fiber optic,No,No,Yes,No,Yes,No,Month-to-month,Yes,Mailed check,22.53,917.38,Yes
1537-CGO,Male,0,Yes,No,42,Yes,Yes,Fiber optic,Yes,No,Yes,No,No,No,One year,No,Electronic check,115.66,4846.66,No
6986-DJV,Female,0,Yes,Yes,33,Yes,No,DSL,Yes,Yes,No,No,No,No,One year,No,Credit card (automatic),89.19,2977.44,No
2841-EMC,Male,0,Yes,No,50,Yes,No,Fiber optic,No,Yes,No,Yes,Yes,No,Two year,Yes,Electronic check,52.01,2627.79,No
9716-FPJ,Male,1,Yes,No,63,Yes,Yes,Fiber optic,No,No,No,No,Yes,Yes,Two year,No,Electronic check,33.04,2088.53,No
7971-GSQ,Female,1,Yes,No,37,Yes,Yes,DSL,Yes,No,No,No,No,No,Two year,Yes,Mailed check,32.66,1225.5,No
6625-HVX,Female,0,Yes,No,59,Yes,Yes,DSL,No,No,Yes,No,No,No,One year,Yes,Credit card (automatic),35.11,2038.1,No
3950-IYE,Male,0,No,Yes,48,Yes,No,DSL,No,No,No,No,Yes,No,Two year,Yes,Electronic check,22.83,1084.03,No
8992-JBL,Female,0,Yes,Yes,5,Yes,No,Fiber optic,No,No,Yes,Yes,Yes,No,Two year,No,Electronic check,108.92,537.55,Yes
5780-KES,Male,0,No,No,48,Yes,Yes,DSL,Yes,No,No,No,No,No,Two year,No,Mailed check,72.6,3481.26,No
3368-LHZ,Female,0,No,No,3,No,No phone service,Fiber optic,No,Yes,No,No,Yes,Yes,Month-to-month,No,Electronic check,88.6,258.45,Yes
7655-MKG,Female,0,Yes,No,47,Yes,No,DSL,No,No,No,Yes,No,No,Two year,No,Bank transfer (automatic),101.47,4730.84,No
9173-NNN,Male,0,Yes,Yes,62,Yes,No,No,No internet service,No internet service,No internet service,No internet service,No internet service,No internet service,Month-to-month,Yes,Mailed check,97.8,6069.39,No
5495-OQU,Female,0,No,No,14,Yes,Yes,Fiber optic,Yes,No,Yes,No,Yes,No,Two year,Yes,Mailed check,106.95,1505.45,No
7002-PTB,Male,0,No,Yes,63,Yes,Yes,Fiber optic,No,Yes,Yes,No,No,No,Month-to-month,Yes,Electronic check,115.46,7298.01,Yes
7614-QWI,Female,0,No,No,61,No,No phone service,DSL,No,No,No,Yes,Yes,No,Month-to-month,Yes,Electronic check,62.38,3793.36,No
6919-RZP,Male,0,Yes,No,31,Yes,No,DSL,No,No,No,Yes,No,Yes,Month-to-month,No,Credit card (automatic),113.76,3513.51,Yes
1853-SCW,Male,1,No,No,17,Yes,No,DSL,Yes,No,No,No,Yes,Yes,Month-to-month,No,Credit card (automatic),90.94,1505.78,Yes
5146-TFD,Female,0,No,Yes,24,Yes,Yes,Fiber optic,No,No,Yes,No,No,Yes,Month-to-month,No,Electronic check,25.35,604.0,Yes
4769-UIK,Male,1,No,No,23,Yes,Yes,Fiber optic,No,No,Yes,No,Yes,Yes,Two year,Yes,Electronic check,86.77,2009.23,Yes
1574-VLR,Female,0,No,No,50,Yes,Yes,DSL,No,Yes,No,No,Yes,No,Month-to-month,Yes,Electronic check,87.27,4354.32,Yes
2148-WOY,Female,0,Yes,No,70,Yes,No,DSL,Yes,No,Yes,No,No,No,Month-to-month,Yes,Bank transfer (automatic),109.29,7682.45,No
7293-XRF,Female,0,Yes,No,27,Yes,Yes,Fiber optic,No,No,No,No,No,No,Month-to-month,Yes,Bank transfer (automatic),55.73,1500.86,Yes
7457-YUM,Male,0,No,No,15,Yes,Yes,DSL,No,No,No,No,No,No,One year,No,Mailed check,77.03,1157.65,No
8509-ZXT,Male,0,No,No,50,Yes,No,Fiber optic,Yes,No,No,No,No,Yes,Month-to-month,Yes,Bank transfer (automatic),19.47,953.05,No
5777-AAA,Female,0,Yes,No,36,Yes,No,Fiber optic,No,No,No,Yes,No,No,Month-to-month,Yes,Bank transfer (automatic),51.62,1862.63,No
4854-BDH,Female,0,Yes,Yes,8,Yes,Yes,Fiber optic,No,Yes,No,No,No,No,Month-to-month,Yes,Credit card (automatic),24.51,166.39,Yes
3491-CGO,Male,0,Yes,Yes,3,Yes,Yes,DSL,Yes,Yes,Yes,No,No,Yes,One year,Yes,Electronic check,70.7,222.51,Yes
4124-DJV,Female,0,Yes,No,62,Yes,No,DSL,No,No,No,Yes,No,No,Month-to-month,Yes,Electronic check,100.4,6235.67,No
6691-EMC,Female,0,No,Yes,47,Yes,Yes,Fiber optic,No,Yes,Yes,No,Yes,No,Month-to-month,Yes,Electronic check,39.0,1853.39,Yes
4051-FPJ,Male,0,No,No,61,Yes,Yes,No,No internet service,No internet service,No internet service,No internet service,No internet service,No internet service,Month-to-month,Yes,Credit card (automatic),71.26,4331.56,No
1004-GSQ,Female,0,Yes,No,32,Yes,No,DSL,Yes,Yes,No,No,No,No,Two year,Yes,Credit card (automatic),38.75,1242.41,No
6222-HVX,Male,0,Yes,No,13,Yes,Yes,DSL,Yes,No,Yes,No,No,Yes,Month-to-month,Yes,Bank transfer (automatic),30.38,403.4,No
6315-IYE,Female,0,Yes,No,1,Yes,No,Fiber optic,Yes,No,No,No,Yes,No,One year,Yes,Electronic check,69.61,76.24,Yes
5869-JBL,Male,1,Yes,No,34,Yes,No,No,No internet service,No internet service,No internet service,No internet service,No internet service,No internet service,Month-to-month,Yes,Electronic check,26.2,877.82,Yes
1876-KES,Female,0,No,No,62,Yes,Yes,Fiber optic,Yes,Yes,Yes,No,No,Yes,Month-to-month,Yes,Electronic check,77.28,4755.48,Yes
8027-LHZ,Female,0,No,Yes,71,Yes,Yes,No,No internet service,No internet service,No internet service,No internet service,No internet service,No internet service,Month-to-month,No,Bank transfer (automatic),21.4,1524.6,No
5142-MKG,Male,1,No,No,31,Yes,No,DSL,No,No,Yes,No,Yes,Yes,Month-to-month,No,Electronic check,28.97,895.78,Yes
7966-NNN,Female,0,Yes,Yes,64,Yes,No,DSL,Yes,No,No,Yes,No,No,Month-to-month,No,Electronic check,73.52,4696.78,No
8079-OQU,Male,0,No,No,25,Yes,No,Fiber optic,No,No,Yes,Yes,Yes,No,Month-to-month,Yes,Bank transfer (automatic),77.69,1953.71,Yes
8987-PTB,Female,0,No,No,38,Yes,No,Fiber optic,No,No,No,No,Yes,No,Month-to-month,Yes,Electronic check,21.16,803.41,Yes
7799-QWI,Male,0,No,No,14,Yes,Yes,DSL,Yes,No,No,No,No,No,One year,No,Mailed check,75.87,1042.39,No
5465-RZP,Male,0,Yes,Yes,8,Yes,No,DSL,No,Yes,Yes,Yes,No,No,Two year,Yes,Electronic check,102.52,791.19,No
1635-SCW,Male,0,Yes,No,54,No,No phone service,Fiber optic,No,Yes,No,Yes,No,No,Month-to-month,No,Credit card (automatic),90.84,4888.43,Yes
2693-TFD,Male,0,Yes,No,2,Yes,Yes,DSL,No,No,Yes,No,No,No,One year,Yes,Bank transfer (automatic),31.43,98.76,No
5752-UIK,Female,0,Yes,Yes,56,Yes,No,DSL,Yes,No,Yes,No,No,No,Two year,Yes,Credit card (automatic),77.79,4367.08,No
9311-VLR,Female,1,Yes,Yes,61,Yes,Yes,Fiber optic,Yes,No,No,No,Yes,No,Two year,No,Mailed check,85.81,,No
1830-WOY,Male,0,Yes,Yes,22,Yes,Yes,Fiber optic,No,No,No,No,No,No,Month-to-month,Yes,Credit card (automatic),21.99,481.06,Yes
6177-XRF,Male,0,No,No,35,Yes,No,Fiber optic,No,No,Yes,No,No,Yes,One year,Yes,Credit card (automatic),104.21,3643.64,No
9932-YUM,Male,0,No,Yes,16,Yes,No,DSL,No,No,No,Yes,No,No,Month-to-month,Yes,Bank transfer (automatic),109.33,1766.79,Yes
9308-ZXT,Female,0,Yes,No,50,Yes,Yes,Fiber optic,No,Yes,No,No,Yes,No,Month-to-month,Yes,Credit card (automatic),103.72,5178.64,Yes
6949-AAA,Female,0,Yes,No,43,Yes,Yes,Fiber optic,Yes,Yes,No,Yes,No,No,Month-to-month,Yes,Electronic check,101.13,4357.24,Yes
3838-BDH,Female,0,No,No,17,Yes,No,Fiber optic,No,No,Yes,No,Yes,No,Month-to-month,Yes,Mailed check,93.12,1577.81,Yes
2150-CGO,Female,0,No,Yes,58,Yes,No,Fiber optic,Yes,Yes,No,No,No,Yes,Month-to-month,No,Electronic check,81.91,4779.88,No
8560-DJV,Male,1,No,No,2,Yes,Yes,DSL,Yes,Yes,No,Yes,No,No,Month-to-month,No,Bank transfer (automatic),86.45,184.03,No
2931-EMC,Male,0,No,No,4,Yes,Yes,DSL,No,No,No,No,No,No,One year,Yes,Bank transfer (automatic),99.29,415.84,Yes
2664-FPJ,Male,0,No,No,39,Yes,Yes,DSL,Yes,No,No,No,No,Yes,Month-to-month,No,Bank transfer (automatic),84.83,3299.6,No
2081-GSQ,Female,0,No,No,6,Yes,No,DSL,No,No,No,Yes,Yes,No,Month-to-month,No,Electronic check,51.19,323.01,Yes
1512-HVX,Female,0,Yes,No,69,Yes,No,Fiber optic,No,Yes,Yes,No,No,No,Month-to-month,Yes,Mailed check,56.03,3861.38,No
8805-IYE,Female,0,Yes,No,69,Yes,No,Fiber optic,Yes,Yes,No,No,No,No,Month-to-month,No,Electronic check,108.4,7481.25,Yes
6237-JBL,Male,0,Yes,No,20,Yes,No,Fiber optic,No,Yes,No,No,Yes,No,One year,No,Bank transfer (automatic),19.97,423.93,No
1559-KES,Male,0,Yes,No,64,Yes,Yes,Fiber optic,No,No,Yes,No,No,No,Two year,No,Electronic check,88.48,5647.08,No
4672-LHZ,Female,0,Yes,Yes,16,Yes,No,DSL,No,No,No,Yes,No,No,Month-to-month,Yes,Credit card (automatic),114.21,1830.41,Yes
8404-MKG,Male,0,No,Yes,51,Yes,No,DSL,Yes,No,No,No,No,No,Month-to-month,Yes,Electronic check,89.23,4557.3,No
4343-NNN,Female,0,No,Yes,37,Yes,Yes,DSL,Yes,No,No,Yes,No,No,Two year,No,Electronic check,118.14,4378.98,No
5070-OQU,Female,0,No,No,69,Yes,Yes,DSL,No,No,No,No,No,No,Month-to-month,Yes,Credit card (automatic),87.35,6020.39,No
1580-PTB,Male,0,Yes,No,42,Yes,No,DSL,Yes,Yes,Yes,No,Yes,No,Two year,No,Mailed check,21.7,942.69,No
8004-QWI,Female,0,No,No,57,Yes,No,Fiber optic,Yes,No,No,Yes,No,No,Month-to-month,Yes,Electronic check,101.36,5758.1,Yes
9130-RZP,Male,0,No,No,66,Yes,Yes,No,No internet service,No internet service,No internet service,No internet service,No internet service,No internet service,Month-to-month,No,Mailed check,46.86,3114.64,No
4147-SCW,Female,0,Yes,No,9,Yes,No,DSL,No,No,No,Yes,No,Yes,Month-to-month,Yes,Electronic check,63.08,585.95,No
5249-TFD,Male,0,No,No,64,Yes,No,DSL,Yes,No,No,No,No,No,Month-to-month,Yes,Credit card (automatic),49.62,3204.19,No
2679-UIK,Male,0,Yes,No,22,Yes,Yes,Fiber optic,No,No,No,No,Yes,No,Month-to-month,Yes,Bank transfer (automatic),45.24,971.46,Yes
4506-VLR,Male,0,Yes,No,34,Yes,Yes,DSL,Yes,Yes,No,Yes,Yes,No,Two year,No,Electronic check,61.61,2081.71,No
8253-WOY,Female,1,No,Yes,55,Yes,Yes,Fiber optic,No,No,No,No,Yes,Yes,One year,No,Bank transfer (automatic),56.31,3119.43,No
3744-XRF,Female,0,Yes,Yes,29,Yes,No,Fiber optic,No,No,No,Yes,No,Yes,One year,Yes,Electronic check,81.9,2346.94,Yes
6188-YUM,Male,1,Yes,Yes,38,Yes,Yes,No,No internet service,No internet service,No internet service,No internet service,No internet service,No internet service,Two year,No,Credit card (automatic),99.97,3774.76,No
3141-ZXT,Male,0,No,No,18,Yes,Yes,DSL,Yes,Yes,No,Yes,No,Yes,Month-to-month,Yes,Credit card (automatic),48.11,858.66,Yes
7617-AAA,Female,0,No,No,71,Yes,No,Fiber optic,Yes,Yes,No,No,No,Yes,One year,Yes,Credit card (automatic),39.73,2823.71,No
3479-BDH,Female,0,Yes,No,65,Yes,No,Fiber optic,No,No,No,Yes,No,No,Month-to-month,Yes,Mailed check,85.27,5566.43,No
7484-CGO,Female,0,Yes,Yes,1,Yes,Yes,Fiber optic,No,No,Yes,No,No,Yes,One year,Yes,Electronic check,85.62,82.84,Yes
8421-DJV,Male,1,Yes,No,4,No,No phone service,Fiber optic,No,Yes,Yes,No,No,No,Month-to-month,Yes,Electronic check,108.81,426.12,Yes
5452-EMC,Female,0,No,No,4,Yes,Yes,DSL,Yes,No,No,No,Yes,Yes,One year,Yes,Bank transfer (automatic),19.85,84.07,No
6881-FPJ,Female,0,Yes,Yes,27,Yes,No,Fiber optic,Yes,Yes,Yes,No,No,Yes,Two year,No,Mailed check,103.98,2814.5,No
7665-GSQ,Male,0,Yes,No,43,Yes,No,Fiber optic,No,No,No,No,No,No,Month-to-month,No,Mailed check,70.61,3042.85,Yes
3849-HVX,Female,0,No,Yes,59,Yes,No,Fiber optic,No,Yes,Yes,No,No,Yes,Month-to-month,No,Credit card (automatic),80.69,4758.04,Yes
8390-IYE,Female,0,No,No,32,Yes,Yes,Fiber optic,No,Yes,No,No,No,No,Month-to-month,Yes,Electronic check,27.43,848.43,Yes
7905-JBL,Female,0,Yes,No,33,Yes,No,Fiber optic,No,No,Yes,No,No,Yes,Month-to-month,No,Electronic check,61.73,2023.33,Yes
3489-KES,Male,0,No,Yes,28,Yes,No,DSL,No,Yes,Yes,No,No,No,One year,No,Electronic check,41.09,1171.82,No
5611-LHZ,Male,0,No,Yes,55,Yes,No,Fiber optic,No,No,No,Yes,No,No,Two year,Yes,Electronic check,43.8,2411.81,No
3839-MKG,Male,0,Yes,No,60,Yes,No,Fiber optic,Yes,Yes,No,No,Yes,No,Month-to-month,No,Electronic check,68.91,4129.76,Yes
9527-NNN,Male,0,Yes,No,70,Yes,Yes,No,No internet service,No internet service,No internet service,No internet service,No internet service,No internet service,Month-to-month,Yes,Mailed check,99.9,7009.77,Yes
6878-OQU,Male,1,No,No,62,Yes,Yes,No,No internet service,No internet service,No internet service,No internet service,No internet service,No internet service,One year,Yes,Electronic check,93.0,5749.05,No
7303-PTB,Male,1,Yes,No,34,Yes,No,DSL,No,No,No,No,No,Yes,Month-to-month,Yes,Electronic check,77.65,2636.72,No
1851-QWI,Male,0,No,No,56,Yes,No,Fiber optic,No,Yes,No,No,No,No,Month-to-month,Yes,Bank transfer (automatic),72.46,4059.83,No
2687-RZP,Female,0,Yes,No,13,Yes,No,DSL,Yes,No,No,No,Yes,No,Two year,No,Electronic check,61.19,788.85,No
7833-SCW,Female,0,Yes,No,56,Yes,Yes,DSL,No,No,Yes,No,No,No,One year,Yes,Bank transfer (automatic),116.01,6498.07,No
3427-TFD,Male,0,Yes,No,18,No,No phone service,Fiber optic,No,Yes,No,No,No,No,Month-to-month,Yes,Mailed check,74.55,1339.08,Yes
5000-UIK,Female,0,Yes,No,54,Yes,No,DSL,No,No,No,Yes,Yes,Yes,Month-to-month,No,Mailed check,43.77,2342.59,No
6052-VLR,Female,1,Yes,No,43,Yes,No,Fiber optic,No,Yes,No,No,No,No,One year,No,Credit card (automatic),41.37,1781.63,No
3738-WOY,Male,0,Yes,No,39,Yes,Yes,DSL,No,No,Yes,Yes,No,Yes,One year,No,Electronic check,79.69,3087.98,No
6732-XRF,Female,1,No,No,61,Yes,Yes,DSL,Yes,Yes,No,No,No,Yes,Two year,Yes,Mailed check,70.79,4320.67,No
6387-YUM,Female,0,No,Yes,42,Yes,No,Fiber optic,No,No,Yes,No,Yes,No,Month-to-month,Yes,Credit card (automatic),19.02,819.45,Yes
9002-ZXT,Female,0,No,No,18,Yes,No,Fiber optic,No,No,No,Yes,No,Yes,Two year,No,Bank transfer (automatic),101.67,1825.84,No
6536-AAA,Female,0,No,No,23,Yes,No,No,No internet service,No internet service,No internet service,No internet service,No internet service,No internet service,One year,Yes,Electronic check,89.01,2029.66,Yes
4913-BDH,Female,1,Yes,Yes,54,No,No phone service,Fiber optic,No,No,No,Yes,Yes,Yes,One year,Yes,Mailed check,84.76,4575.14,No
2066-CGO,Male,0,No,No,30,Yes,No,Fiber optic,Yes,No,Yes,No,No,Yes,One year,Yes,Bank transfer (automatic),25.16,742.32,No
8723-DJV,Male,0,Yes,No,58,Yes,Yes,DSL,Yes,No,No,Yes,No,No,Month-to-month,Yes,Credit card (automatic),54.64,3178.04,No
5380-EMC,Male,0,No,Yes,68,Yes,Yes,DSL,No,No,Yes,Yes,No,No,Two year,Yes,Electronic check,112.26,7631.46,No
5107-FPJ,Female,0,No,No,67,Yes,No,DSL,No,No,No,No,Yes,No,Month-to-month,Yes,Electronic check,104.94,7056.63,No
6726-GSQ,Male,0,No,Yes,71,No,No phone service,Fiber optic,No,No,Yes,Yes,Yes,Yes,Month-to-month,Yes,Electronic check,46.95,3350.89,No
4373-HVX,Female,0,No,Yes,18,Yes,No,Fiber optic,No,Yes,No,No,Yes,No,Two year,Yes,Electronic check,34.03,610.24,No
9945-IYE,Female,0,No,No,7,Yes,No,DSL,No,No,Yes,No,Yes,No,One year,Yes,Electronic check,63.38,454.39,No
3082-JBL,Female,0,Yes,No,40,Yes,No,Fiber optic,No,No,No,Yes,No,No,Two year,Yes,Electronic check,54.01,2154.5,No
9967-KES,Female,0,Yes,Yes,70,Yes,Yes,Fiber optic,No,No,No,No,No,Yes,Month-to-month,No,Electronic check,86.81,6077.21,Yes
7748-LHZ,Male,0,No,No,65,Yes,No,DSL,No,No,No,No,No,No,Month-to-month,No,Electronic check,115.38,7494.28,Yes
1417-MKG,Male,0,Yes,No,68,Yes,Yes,DSL,No,Yes,Yes,No,No,No,Two year,Yes,Credit card (automatic),54.73,3733.14,No
9306-NNN,Female,0,No,Yes,49,Yes,Yes,Fiber optic,No,No,No,No,Yes,Yes,Month-to-month,Yes,Electronic check,24.5,1221.99,No
9808-OQU,Male,0,No,Yes,52,Yes,Yes,Fiber optic,No,Yes,Yes,No,Yes,Yes,Two year,Yes,Electronic check,108.46,5651.9,Yes
4974-PTB,Female,0,Yes,No,29,Yes,Yes,No,No internet service,No internet service,No internet service,No internet service,No internet service,No internet service,Month-to-month,Yes,Electronic check,22.06,653.57,No
4267-QWI,Male,1,No,Yes,21,Yes,Yes,DSL,No,Yes,No,No,Yes,Yes,Two year,Yes,Credit card (automatic),114.0,2407.85,No
1825-RZP,Male,0,No,No,9,No,No phone service,No,No internet service,No internet service,No internet service,No internet service,No internet service,No internet service,Month-to-month,Yes,Bank transfer (automatic),85.04,773.63,Yes
8668-SCW,Female,0,No,No,47,Yes,Yes,DSL,Yes,Yes,Yes,Yes,No,No,One year,No,Credit card (automatic),112.89,5288.74,No
6745-TFD,Male,0,No,No,42,Yes,Yes,DSL,No,No,No,Yes,No,Yes,Two year,No,Electronic check,38.32,1634.95,No
1412-UIK,Female,0,No,Yes,51,Yes,Yes,No,No internet service,No internet service,No internet service,No internet service,No internet service,No internet service,Month-to-month,Yes,Credit card (automatic),22.34,1166.41,No
8543-VLR,Male,0,No,No,56,Yes,No,DSL,Yes,Yes,Yes,No,Yes,No,One year,Yes,Mailed check,67.32,3766.41,No
8587-WOY,Female,0,No,No,51,Yes,Yes,Fiber optic,No,Yes,Yes,Yes,Yes,Yes,Two year,No,Electronic check,63.54,3234.98,No
1728-XRF,Female,0,Yes,No,70,No,No phone service,DSL,No,No,Yes,No,No,No,One year,Yes,Bank transfer (automatic),51.56,3618.39,No
8164-YUM,Male,0,Yes,Yes,20,Yes,Yes,Fiber optic,No,Yes,No,No,No,Yes,Two year,No,Credit card (automatic),114.49,2298.06,Yes
9867-ZXT,Male,0,No,Yes,27,Yes,No,No,No internet service,No internet service,No internet service,No internet service,No internet service,No internet service,Month-to-month,Yes,Bank transfer (automatic),100.92,2721.81,Yes
6988-AAA,Female,0,Yes,No,38,Yes,No,DSL,No,Yes,Yes,Yes,No,No,Month-to-month,No,Credit card (automatic),84.74,3201.37,No
3504-BDH,Male,0,No,No,72,Yes,No,Fiber optic,Yes,Yes,No,No,No,No,Month-to-month,No,Credit card (automatic),34.62,2497.23,No
3967-CGO,Male,0,No,Yes,65,No,No phone service,DSL,No,No,No,Yes,Yes,Yes,Month-to-month,No,Electronic check,92.05,5991.52,No
3786-DJV,Female,0,Yes,No,54,Yes,Yes,Fiber optic,No,No,No,No,No,No,Month-to-month,Yes,Mailed check,91.31,4941.63,Yes
2122-EMC,Female,0,No,Yes,24,No,No phone service,DSL,No,Yes,No,No,No,Yes,One year,Yes,Electronic check,60.97,1468.52,No
5079-FPJ,Male,1,No,No,47,Yes,No,DSL,Yes,No,Yes,No,Yes,No,Month-to-month,Yes,Credit card (automatic),111.19,5221.86,No
2571-GSQ,Female,0,No,No,71,No,No phone service,DSL,No,No,No,No,No,No,Month-to-month,No,Electronic check,35.03,2502.04,Yes
6073-HVX,Female,0,Yes,No,63,Yes,Yes,DSL,No,Yes,Yes,Yes,No,Yes,Month-to-month,Yes,Credit card (automatic),45.12,2843.55,No
6104-IYE,Female,0,Yes,No,57,Yes,Yes,No,No internet service,No internet service,No internet service,No internet service,No internet service,No internet service,Two year,Yes,Electronic check,24.6,1395.23,No
3143-JBL,Male,0,Yes,No,55,Yes,Yes,DSL,No,Yes,No,No,Yes,Yes,One year,Yes,Mailed check,98.19,5397.74,No
7806-KES,Male,0,No,No,60,Yes,No,DSL,No,No,Yes,No,No,No,Month-to-month,Yes,Electronic check,80.74,,No
8357-LHZ,Female,0,Yes,No,62,Yes,Yes,Fiber optic,No,No,No,No,Yes,No,Two year,Yes,Electronic check,49.9,3091.07,No
4440-MKG,Male,0,No,No,30,Yes,Yes,DSL,No,Yes,No,No,Yes,No,Month-to-month,Yes,Credit card (automatic),34.71,1051.63,Yes
4766-NNN,Female,0,Yes,No,22,Yes,Yes,Fiber optic,No,Yes,No,No,No,No,Two year,Yes,Electronic check,22.28,495.26,No
6644-OQU,Male,0,Yes,Yes,29,Yes,No,No,No internet service,No internet service,No internet service,No internet service,No internet service,No internet service,One year,Yes,Mailed check,35.01,1038.1,No
3914-PTB,Female,0,No,Yes,41,Yes,No,DSL,No,No,Yes,No,Yes,No,Month-to-month,No,Electronic check,63.81,2612.27,Yes
5968-QWI,Female,0,No,No,42,Yes,Yes,Fiber optic,Yes,Yes,No,No,No,Yes,One year,No,Mailed check,43.09,1817.09,No
6917-RZP,Male,1,Yes,No,65,Yes,No,Fiber optic,No,No,Yes,Yes,No,No,One year,No,Electronic check,44.28,2890.09,No
9787-SCW,Female,0,Yes,No,31,Yes,No,DSL,No,No,No,No,Yes,Yes,Month-to-month,Yes,Electronic check,106.25,3328.89,Yes
1728-TFD,Male,0,Yes,Yes,30,Yes,No,Fiber optic,Yes,No,No,No,No,No,Two year,No,Credit card (automatic),70.02,2102.77,No
2365-UIK,Male,1,No,No,18,Yes,Yes,Fiber optic,Yes,Yes,No,No,No,No,Month-to-month,Yes,Mailed check,91.54,1632.06,Yes
5492-VLR,Female,0,No,No,17,Yes,No,Fiber optic,No,No,No,Yes,No,Yes,Month-to-month,Yes,Electronic check,21.84,384.0,Yes
1698-WOY,Female,0,Yes,No,38,No,No phone service,No,No internet service,No internet service,No internet service,No internet service,No internet service,No internet service,Month-to-month,Yes,Bank transfer (automatic),54.95,2116.09,No
8186-XRF,Male,0,Yes,No,14,Yes,Yes,Fiber optic,Yes,Yes,No,No,No,No,Month-to-month,Yes,Electronic check,66.41,924.9,No
1395-YUM,Female,0,Yes,No,56,Yes,No,No,No internet service,No internet service,No internet service,No internet service,No internet service,No internet service,Month-to-month,Yes,Electronic check,36.98,2083.5,No
8400-ZXT,Female,0,No,No,22,Yes,Yes,Fiber optic,No,No,No,Yes,Yes,No,Two year,No,Mailed check,30.33,685.69,No
9082-AAA,Female,0,No,No,67,Yes,Yes,Fiber optic,Yes,No,No,No,No,No,Month-to-month,Yes,Electronic check,105.72,7098.5,No
5171-BDH,Female,0,Yes,Yes,56,Yes,Yes,Fiber optic,Yes,No,No,No,No,Yes,Month-to-month,Yes,Bank transfer (automatic),112.66,6310.84,Yes
5360-CGO,Female,1,No,No,19,Yes,No,DSL,Yes,No,No,No,No,Yes,Month-to-month,Yes,Mailed check,26.17,486.75,Yes
3502-DJV,Male,0,Yes,No,57,Yes,Yes,No,No internet service,No internet service,No internet service,No internet service,No internet service,No internet service,Two year,Yes,Bank transfer (automatic),53.33,3038.59,No
1717-EMC,Male,0,Yes,No,44,Yes,No,Fiber optic,Yes,No,Yes,No,Yes,No,Two year,Yes,Credit card (automatic),114.56,5047.52,No
3782-FPJ,Female,0,No,Yes,35,Yes,Yes,DSL,No,No,No,Yes,No,No,One year,Yes,Electronic check,26.61,944.97,No
5946-GSQ,Female,0,No,No,1,Yes,No,DSL,No,No,No,Yes,Yes,No,Two year,No,Electronic check,82.94,87.95,No
6486-HVX,Female,0,No,No,52,Yes,No,Fiber optic,Yes,No,Yes,No,No,Yes,One year,Yes,Electronic check,115.96,6024.22,Yes
9335-IYE,Male,1,No,Yes,70,Yes,No,DSL,No,No,No,Yes,No,No,Two year,No,Electronic check,116.56,8167.53,No
5980-JBL,Female,0,Yes,No,37,Yes,No,DSL,No,No,No,No,No,No,One year,No,Credit card (automatic),65.61,2440.47,No
8266-KES,Male,0,No,No,65,No,No phone service,Fiber optic,No,No,Yes,Yes,No,No,Month-to-month,No,Bank transfer (automatic),34.61,2255.34,No
5491-LHZ,Male,0,Yes,No,51,Yes,No,DSL,No,Yes,No,No,Yes,No,Month-to-month,No,Mailed check,38.56,1954.02,No
8192-MKG,Male,1,No,No,1,Yes,Yes,DSL,No,No,No,No,Yes,No,One year,No,Mailed check,107.65,104.93,Yes
6588-NNN,Female,0,Yes,Yes,21,Yes,No,DSL,No,No,No,No,Yes,No,Month-to-month,Yes,Electronic check,109.87,2321.49,Yes
8651-OQU,Male,0,No,No,53,No,No phone service,DSL,No,No,No,No,Yes,No,Month-to-month,Yes,Mailed check,79.34,4184.27,Yes
4636-PTB,Female,0,Yes,Yes,16,No,No phone service,Fiber optic,Yes,No,No,No,Yes,No,One year,No,Credit card (automatic),95.25,1492.6,Yes
2167-QWI,Male,1,Yes,No,61,Yes,Yes,Fiber optic,No,Yes,Yes,No,No,No,Two year,No,Bank transfer (automatic),92.61,5671.83,No
2062-RZP,Female,1,No,No,54,Yes,No,DSL,No,Yes,No,No,No,No,Month-to-month,Yes,Electronic check,84.76,4584.71,Yes
3156-SCW,Male,1,Yes,No,40,Yes,No,DSL,No,Yes,No,No,Yes,No,One year,Yes,Bank transfer (automatic),101.39,4064.7,No
8860-TFD,Female,0,No,Yes,26,Yes,Yes,Fiber optic,No,Yes,No,No,No,Yes,One year,No,Mailed check,87.13,2249.23,No
6161-UIK,Male,0,Yes,No,65,Yes,Yes,DSL,No,No,No,Yes,No,Yes,Two year,Yes,Mailed check,71.92,4685.86,No
6305-VLR,Female,0,Yes,No,64,No,No phone service,DSL,Yes,No,No,No,No,Yes,Two year,Yes,Mailed check,42.06,2695.97,No
7541-WOY,Female,1,Yes,No,43,Yes,No,DSL,No,No,No,Yes,No,Yes,One year,Yes,Mailed check,93.01,3975.67,No
5729-XRF,Female,0,Yes,No,17,Yes,No,Fiber optic,No,No,No,No,Yes,Yes,Month-to-month,No,Bank transfer (automatic),65.83,1140.47,Yes
8330-YUM,Female,0,No,No,59,Yes,No,Fiber optic,No,Yes,No,No,No,Yes,Month-to-month,No,Credit card (automatic),47.88,2827.3,Yes
6334-ZXT,Male,0,Yes,No,23,Yes,No,Fiber optic,No,Yes,No,Yes,No,No,Month-to-month,Yes,Electronic check,98.85,2267.61,Yes
9924-AAA,Male,0,No,No,7,Yes,No,Fiber optic,No,Yes,No,Yes,Yes,No,One year,Yes,Credit card (automatic),88.27,612.22,No
5330-BDH,Female,0,No,Yes,44,Yes,No,Fiber optic,Yes,No,No,Yes,Yes,Yes,Two year,Yes,Mailed check,112.45,4917.57,No
9010-CGO,Male,1,Yes,Yes,53,No,No phone service,Fiber optic,No,No,Yes,No,Yes,Yes,One year,Yes,Bank transfer (automatic),34.88,1857.54,No
7801-DJV,Female,1,No,No,71,No,No phone service,Fiber optic,No,Yes,No,No,Yes,No,Month-to-month,Yes,Credit card (automatic),83.49,5931.72,Yes
5846-EMC,Female,0,No,No,34,Yes,Yes,DSL,No,Yes,No,No,No,No,One year,Yes,Mailed check,42.8,1452.29,No
7731-FPJ,Male,0,No,No,46,Yes,Yes,Fiber optic,Yes,Yes,No,No,No,No,Month-to-month,Yes,Credit card (automatic),109.06,5035.94,Yes
8241-GSQ,Female,0,Yes,No,68,Yes,No,Fiber optic,No,No,No,No,Yes,No,Month-to-month,No,Electronic check,28.25,1900.24,Yes
1953-HVX,Female,0,Yes,Yes,16,Yes,No,Fiber optic,No,No,No,Yes,No,No,Month-to-month,No,Electronic check,84.19,1338.09,Yes
3539-IYE,Male,0,No,No,71,Yes,No,DSL,No,No,Yes,No,No,No,Month-to-month,Yes,Bank transfer (automatic),97.75,6927.5,Yes
8056-JBL,Female,0,No,Yes,19,Yes,Yes,DSL,No,No,No,Yes,Yes,No,Two year,Yes,Credit card (automatic),53.92,1020.3,No
2542-KES,Female,0,No,Yes,2,No,No phone service,Fiber optic,No,No,No,Yes,Yes,No,Month-to-month,No,Credit card (automatic),114.14,229.29,Yes
6293-LHZ,Female,1,Yes,No,10,Yes,Yes,Fiber optic,Yes,Yes,Yes,Yes,Yes,No,Month-to-month,Yes,Bank transfer (automatic),103.75,1043.95,No
2191-MKG,Female,0,No,Yes,50,Yes,Yes,Fiber optic,Yes,No,Yes,No,No,No,Two year,No,Mailed check,47.86,2387.8,No
7313-NNN,Male,0,Yes,No,12,Yes,Yes,DSL,No,No,No,Yes,Yes,No,Month-to-month,Yes,Electronic check,19.01,214.96,Yes
7938-OQU,Male,0,No,Yes,70,Yes,Yes,Fiber optic,No,No,No,Yes,No,Yes,Month-to-month,No,Credit card (automatic),48.06,3389.49,No
3681-PTB,Male,0,Yes,No,22,Yes,No,Fiber optic,Yes,No,No,Yes,No,No,Month-to-month,No,Electronic check,46.52,1059.61,Yes
2540-QWI,Female,0,No,No,32,Yes,Yes,No,No internet service,No internet service,No internet service,No internet service,No internet service,No internet service,Month-to-month,No,Bank transfer (automatic),107.69,3448.23,Yes
7172-RZP,Female,0,Yes,Yes,1,Yes,No,Fiber optic,Yes,No,No,Yes,No,No,Month-to-month,No,Mailed check,115.45,104.1,Yes
6541-SCW,Male,0,Yes,No,54,Yes,Yes,Fiber optic,Yes,No,No,No,Yes,No,Month-to-month,No,Bank transfer (automatic),25.33,1389.95,No
2365-TFD,Female,1,No,No,58,Yes,No,Fiber optic,No,Yes,No,No,Yes,No,One year,Yes,Mailed check,65.62,3784.26,No
9691-UIK,Female,0,Yes,No,70,Yes,Yes,Fiber optic,Yes,No,No,No,No,No,Month-to-month,Yes,Credit card (automatic),73.36,5130.18,No
9702-VLR,Female,0,Yes,Yes,18,Yes,Yes,No,No internet service,No internet service,No internet service,No internet service,No internet service,No internet service,Month-to-month,Yes,Bank transfer (automatic),27.59,486.18,Yes
8494-WOY,Female,0,Yes,No,6,Yes,Yes,DSL,No,Yes,Yes,Yes,No,No,Two year,No,Credit card (automatic),56.19,319.75,No
5312-XRF,Male,0,No,No,45,Yes,No,DSL,No,Yes,No,Yes,No,No,Month-to-month,No,Electronic check,50.12,2251.2,No
2324-YUM,Male,0,No,No,23,Yes,No,No,No internet service,No internet service,No internet service,No internet service,No internet service,No internet service,Two year,Yes,Bank transfer (automatic),72.12,1645.8,No
4141-ZXT,Male,0,Yes,No,23,Yes,No,Fiber optic,Yes,No,No,No,No,Yes,Month-to-month,Yes,Bank transfer (automatic),84.7,1948.29,Yes
8419-AAA,Female,0,No,No,26,No,No phone service,Fiber optic,No,No,No,Yes,No,No,Month-to-month,No,Bank transfer (automatic),88.95,2313.11,No
4486-BDH,Male,1,No,No,7,Yes,Yes,Fiber optic,Yes,Yes,No,No,No,Yes,One year,Yes,Credit card (automatic),31.99,214.61,No
2810-CGO,Male,0,Yes,No,44,Yes,No,DSL,No,No,No,Yes,No,Yes,Month-to-month,Yes,Electronic check,99.95,4392.24,No
7588-DJV,Female,0,No,No,27,No,No phone service,Fiber optic,Yes,No,Yes,No,Yes,No,Month-to-month,No,Electronic check,86.44,2330.42,Yes
3923-EMC,Female,0,No,No,26,Yes,Yes,Fiber optic,No,Yes,Yes,Yes,No,Yes,One year,Yes,Mailed check,107.6,2809.75,No
6301-FPJ,Male,0,No,No,36,Yes,Yes,DSL,No,No,Yes,No,No,No,Month-to-month,Yes,Electronic check,63.41,2280.53,Yes
5186-GSQ,Male,0,Yes,No,55,Yes,No,DSL,Yes,No,Yes,No,No,Yes,Two year,Yes,Credit card (automatic),108.09,5957.32,No
9905-HVX,Male,0,No,No,64,No,No phone service,Fiber optic,Yes,No,No,No,Yes,Yes,Two year,Yes,Electronic check,105.26,6745.43,No
6977-IYE,Male,0,No,Yes,57,No,No phone service,DSL,No,No,Yes,Yes,No,No,Month-to-month,Yes,Mailed check,62.31,3560.24,No
5268-JBL,Female,0,Yes,No,69,Yes,No,No,No internet service,No internet service,No internet service,No internet service,No internet service,No internet service,One year,Yes,Electronic check,56.55,3922.77,No
5748-KES,Male,0,Yes,No,61,Yes,Yes,DSL,Yes,Yes,Yes,No,No,No,Month-to-month,Yes,Mailed check,112.0,6815.21,No
5849-LHZ,Male,0,Yes,No,2,Yes,Yes,Fiber optic,No,No,No,No,Yes,No,Two year,Yes,Mailed check,90.12,173.14,Yes
4709-MKG,Female,0,Yes,No,55,No,No phone service,No,No internet service,No internet service,No internet service,No internet service,No internet service,No internet service,Two year,Yes,Electronic check,111.54,6161.15,No
7619-NNN,Male,0,No,No,38,No,No phone service,Fiber optic,No,No,No,Yes,Yes,No,Two year,Yes,Electronic check,98.35,3733.44,No
9647-OQU,Female,0,Yes,No,29,Yes,No,DSL,No,No,Yes,Yes,No,No,Month-to-month,No,Mailed check,79.48,2262.69,Yes
4072-PTB,Female,0,Yes,Yes,26,Yes,Yes,Fiber optic,No,Yes,No,No,No,No,One year,Yes,Credit card (automatic),29.89,774.1,No
7530-QWI,Female,0,No,No,35,Yes,Yes,DSL,No,No,No,Yes,No,No,Month-to-month,No,Electronic check,47.54,1665.92,Yes
1504-RZP,Male,0,Yes,No,67,Yes,No,DSL,No,No,Yes,No,Yes,No,Month-to-month,No,Mailed check,115.62,7707.28,Yes
2214-SCW,Male,1,No,No,29,Yes,No,No,No internet service,No internet service,No internet service,No internet service,No internet service,No internet service,Two year,Yes,Credit card (automatic),50.35,1480.16,No
2531-TFD,Female,0,Yes,No,34,Yes,No,Fiber optic,No,Yes,Yes,Yes,No,No,Month-to-month,No,Credit card (automatic),27.62,928.37,Yes
8576-UIK,Male,0,Yes,No,41,Yes,No,Fiber optic,Yes,No,No,No,No,Yes,Two year,Yes,Credit card (automatic),89.36,3668.69,No
1823-VLR,Male,0,Yes,No,41,Yes,No,DSL,Yes,No,No,Yes,No,No,Month-to-month,No,Credit card (automatic),92.02,3769.43,No
1928-WOY,Female,0,Yes,Yes,23,No,No phone service,DSL,No,Yes,No,No,No,No,Two year,Yes,Mailed check,46.94,1060.29,No
6029-XRF,Female,1,Yes,Yes,71,Yes,Yes,DSL,No,No,Yes,Yes,No,No,Month-to-month,No,Bank transfer (automatic),48.17,3404.01,No
1133-YUM,Male,1,No,Yes,3,Yes,No,Fiber optic,No,No,No,Yes,No,No,Month-to-month,Yes,Electronic check,65.37,182.08,Yes
3105-ZXT,Female,0,No,No,58,Yes,Yes,Fiber optic,Yes,No,No,Yes,Yes,No,Month-to-month,No,Mailed check,20.44,1201.81,No
4627-AAA,Male,0,Yes,No,32,No,No phone service,Fiber optic,No,No,Yes,No,No,No,One year,Yes,Credit card (automatic),97.58,3120.35,No
7316-BDH,Male,0,No,No,31,Yes,Yes,Fiber optic,Yes,No,No,Yes,No,No,Month-to-month,No,Mailed check,50.12,1545.89,No
2852-CGO,Male,1,No,No,43,Yes,No,DSL,Yes,No,No,No,Yes,Yes,One year,Yes,Bank transfer (automatic),104.05,4460.13,No
5910-DJV,Male,0,No,No,7,Yes,Yes,DSL,No,No,Yes,Yes,No,Yes,Month-to-month,No,Bank transfer (automatic),98.91,710.31,Yes
5175-EMC,Female,0,Yes,No,1,Yes,Yes,DSL,Yes,Yes,No,Yes,No,No,Month-to-month,Yes,Electronic check,84.72,106.68,Yes
6348-FPJ,Female,0,Yes,No,61,Yes,Yes,Fiber optic,No,No,No,No,Yes,No,Month-to-month,Yes,Credit card (automatic),50.9,3122.67,No
7190-GSQ,Female,0,Yes,No,14,Yes,Yes,DSL,No,Yes,Yes,No,Yes,Yes,Month-to-month,No,Mailed check,70.14,989.35,Yes
2256-HVX,Female,0,No,No,52,No,No phone service,No,No internet service,No internet service,No internet service,No internet service,No internet service,No internet service,Two year,No,Electronic check,62.96,3278.27,No
4376-IYE,Male,0,No,No,6,Yes,No,DSL,No,Yes,No,No,No,Yes,Two year,Yes,Credit card (automatic),52.31,295.62,Yes
6645-JBL,Male,0,Yes,Yes,10,Yes,No,No,No internet service,No internet service,No internet service,No internet service,No internet service,No internet service,Month-to-month,No,Mailed check,103.49,1031.21,Yes
4486-KES,Female,0,Yes,No,71,Yes,No,DSL,No,Yes,Yes,No,Yes,Yes,One year,No,Bank transfer (automatic),66.84,4735.38,No
4584-LHZ,Male,0,No,Yes,30,Yes,Yes,No,No internet service,No internet service,No internet service,No internet service,No internet service,No internet service,One year,No,Mailed check,101.94,3030.82,No
9053-MKG,Male,0,No,No,21,Yes,Yes,Fiber optic,Yes,No,No,No,No,No,Month-to-month,Yes,Mailed check,28.82,621.08,No
4330-NNN,Male,0,No,No,60,Yes,Yes,No,No internet service,No internet service,No internet service,No internet service,No internet service,No internet service,Month-to-month,Yes,Credit card (automatic),32.42,1934.76,No
3703-OQU,Female,0,No,No,63,Yes,Yes,DSL,Yes,Yes,Yes,No,Yes,No,Month-to-month,No,Bank transfer (automatic),116.47,7355.55,Yes
9662-PTB,Female,0,Yes,Yes,42,Yes,Yes,Fiber optic,No,Yes,Yes,No,No,No,Month-to-month,Yes,Mailed check,77.32,3260.67,Yes
9120-QWI,Female,0,No,No,51,Yes,No,No,No internet service,No internet service,No internet service,No internet service,No internet service,No internet service,Month-to-month,Yes,Electronic check,69.48,3551.83,Yes
8114-RZP,Male,0,No,Yes,64,Yes,No,DSL,No,Yes,No,No,Yes,Yes,Month-to-month,Yes,Credit card (automatic),70.83,4542.31,No
2353-SCW,Female,0,Yes,No,56,Yes,No,DSL,No,Yes,No,No,Yes,No,One year,Yes,Electronic check,39.88,2224.05,No
6063-TFD,Female,0,No,Yes,41,No,No phone service,DSL,Yes,No,No,No,No,Yes,Month-to-month,No,Credit card (automatic),90.48,3737.55,No
9549-UIK,Female,0,No,No,32,Yes,Yes,No,No internet service,No internet service,No internet service,No internet service,No internet service,No internet service,Month-to-month,No,Mailed check,26.77,857.29,No
8575-VLR,Female,0,Yes,No,15,Yes,No,Fiber optic,No,No,No,No,No,Yes,Month-to-month,Yes,Bank transfer (automatic),75.87,1142.58,Yes
1667-WOY,Female,0,No,No,62,Yes,Yes,Fiber optic,No,Yes,Yes,Yes,No,No,Month-to-month,Yes,Credit card (automatic),75.61,4678.08,No
5468-XRF,Female,0,No,Yes,27,Yes,Yes,DSL,No,No,No,Yes,Yes,No,Month-to-month,Yes,Electronic check,110.13,2959.54,Yes
7819-YUM,Male,0,No,Yes,28,Yes,No,DSL,No,No,No,No,No,Yes,Two year,Yes,Bank transfer (automatic),71.13,1998.8,No
4719-ZXT,Male,0,Yes,No,64,Yes,No,Fiber optic,Yes,No,Yes,Yes,No,Yes,Month-to-month,Yes,Bank transfer (automatic),32.02,2052.54,No
3745-AAA,Female,0,Yes,No,59,Yes,Yes,DSL,Yes,No,No,No,No,Yes,One year,No,Bank transfer (automatic),75.81,4460.95,No
8483-BDH,Female,0,No,No,58,Yes,Yes,Fiber optic,No,No,No,Yes,No,No,Month-to-month,No,Mailed check,27.43,1569.36,No
1539-CGO,Male,0,Yes,Yes,2,Yes,Yes,No,No internet service,No internet service,No internet service,No internet service,No internet service,No internet service,One year,Yes,Bank transfer (automatic),38.73,58.41,No
5964-DJV,Male,0,No,No,36,Yes,No,DSL,No,Yes,No,No,No,Yes,One year,No,Bank transfer (automatic),21.38,787.62,No
5835-EMC,Female,0,No,Yes,71,Yes,No,Fiber optic,Yes,No,No,Yes,No,Yes,Month-to-month,Yes,Credit card (automatic),69.84,4949.44,No
4775-FPJ,Female,0,Yes,Yes,13,Yes,No,DSL,No,No,Yes,No,No,Yes,Two year,No,Bank transfer (automatic),26.75,342.67,No
7042-GSQ,Female,0,No,No,15,Yes,Yes,Fiber optic,Yes,No,No,Yes,No,No,Month-to-month,Yes,Mailed check,65.42,1003.06,Yes
8102-HVX,Female,0,No,No,60,Yes,Yes,DSL,Yes,No,No,No,Yes,No,Two year,No,Credit card (automatic),112.01,6703.77,No
8312-IYE,Male,0,Yes,Yes,22,Yes,No,Fiber optic,Yes,Yes,No,No,Yes,No,Month-to-month,Yes,Mailed check,90.59,1982.08,Yes
6320-JBL,Female,0,No,Yes,63,Yes,No,DSL,Yes,No,No,Yes,Yes,No,Two year,Yes,Electronic check,26.03,1628.36,No
7132-KES,Female,0,No,Yes,25,Yes,Yes,Fiber optic,No,No,No,No,Yes,No,One year,Yes,Mailed check,40.78,1043.77,No
8891-LHZ,Female,0,No,No,48,Yes,No,Fiber optic,No,No,No,Yes,Yes,No,Two year,Yes,Electronic check,85.95,4155.5,No
3779-MKG,Female,0,No,No,43,Yes,No,DSL,Yes,Yes,No,Yes,No,Yes,Month-to-month,Yes,Electronic check,108.17,4662.58,No
1924-NNN,Male,0,Yes,Yes,38,Yes,No,Fiber optic,Yes,No,No,No,No,Yes,Month-to-month,Yes,Electronic check,21.56,831.03,Yes
2581-OQU,Male,1,No,Yes,41,No,No phone service,DSL,No,No,No,No,No,No,One year,Yes,Electronic check,99.9,4087.19,No
8714-PTB,Male,1,No,No,45,Yes,No,Fiber optic,Yes,No,No,No,Yes,Yes,Two year,No,Bank transfer (automatic),74.71,3391.16,No
4324-QWI,Female,0,No,No,40,Yes,No,DSL,No,No,No,Yes,Yes,No,Two year,Yes,Electronic check,73.13,2929.22,No
6713-RZP,Female,0,No,No,17,Yes,No,Fiber optic,Yes,No,Yes,No,No,No,Month-to-month,No,Electronic check,114.51,1959.47,Yes
8026-SCW,Male,0,Yes,Yes,57,Yes,No,DSL,No,Yes,No,No,Yes,No,Two year,Yes,Electronic check,93.39,5321.65,No
1255-TFD,Female,0,No,Yes,2,Yes,Yes,DSL,Yes,Yes,Yes,No,No,Yes,Month-to-month,No,Electronic check,103.69,203.36,Yes
5804-UIK,Female,0,Yes,No,62,Yes,Yes,DSL,Yes,Yes,No,No,No,No,Month-to-month,No,Electronic check,53.83,3362.41,No
2838-VLR,Male,0,Yes,No,9,Yes,Yes,Fiber optic,Yes,No,No,No,Yes,No,Month-to-month,Yes,Bank transfer (automatic),73.96,673.74,Yes
1009-WOY,Male,0,Yes,Yes,68,Yes,No,DSL,Yes,Yes,No,Yes,Yes,Yes,Month-to-month,No,Credit card (automatic),80.1,5468.57,No
3871-XRF,Male,0,No,No,17,Yes,Yes,No,No internet service,No internet service,No internet service,No internet service,No internet service,No internet service,Two year,Yes,Credit card (automatic),50.57,863.52,No
9989-YUM,Male,0,No,Yes,50,Yes,No,No,No internet service,No internet service,No internet service,No internet service,No internet service,No internet service,Month-to-month,No,Credit card (automatic),75.56,3765.27,Yes
8409-ZXT,Female,0,No,No,40,Yes,Yes,DSL,No,No,No,Yes,No,No,One year,Yes,Electronic check,42.03,1672.45,No
8418-AAA,Female,0,No,No,58,Yes,Yes,Fiber optic,No,No,No,No,No,Yes,One year,Yes,Electronic check,32.66,1895.82,Yes
6124-BDH,Male,0,No,Yes,21,Yes,No,DSL,Yes,Yes,Yes,No,No,Yes,Month-to-month,Yes,Electronic check,55.83,1163.03,No
2015-CGO,Female,0,No,No,18,Yes,Yes,DSL,Yes,Yes,No,Yes,No,No,Month-to-month,Yes,Bank transfer (automatic),92.55,1649.29,No
3193-DJV,Male,0,No,No,55,Yes,Yes,Fiber optic,No,Yes,No,Yes,Yes,Yes,One year,Yes,Electronic check,110.33,6086.17,No
9415-EMC,Male,0,Yes,No,29,Yes,Yes,Fiber optic,No,No,No,No,No,Yes,Month-to-month,No,Mailed check,64.25,1855.08,Yes
8449-FPJ,Female,0,Yes,No,24,Yes,No,Fiber optic,No,Yes,No,No,Yes,Yes,Two year,Yes,Electronic check,82.85,1990.47,No
5158-GSQ,Male,0,No,Yes,17,Yes,Yes,DSL,No,Yes,No,Yes,Yes,No,Two year,Yes,Electronic check,28.61,490.81,No
4925-HVX,Female,0,No,No,18,Yes,No,DSL,No,No,No,Yes,No,No,Month-to-month,Yes,Credit card (automatic),109.15,1955.88,Yes
7970-IYE,Female,0,Yes,Yes,42,Yes,No,DSL,No,No,No,No,No,Yes,Month-to-month,Yes,Bank transfer (automatic),75.39,3188.14,Yes
7938-JBL,Female,1,Yes,No,45,Yes,Yes,Fiber optic,No,Yes,No,No,Yes,No,Month-to-month,Yes,Credit card (automatic),96.67,4333.39,Yes
5784-KES,Female,0,No,No,17,Yes,Yes,Fiber optic,No,No,Yes,No,Yes,Yes,One year,No,Bank transfer (automatic),98.09,1671.45,Yes
5000-LHZ,Male,0,Yes,No,14,Yes,Yes,Fiber optic,Yes,No,No,No,Yes,No,Month-to-month,Yes,Credit card (automatic),44.03,620.11,Yes
2633-MKG,Female,1,No,Yes,49,Yes,No,DSL,Yes,No,No,No,Yes,No,Month-to-month,No,Bank transfer (automatic),71.43,3499.26,Yes
8266-NNN,Male,1,No,No,29,Yes,Yes,DSL,Yes,No,Yes,No,Yes,No,Month-to-month,Yes,Credit card (automatic),114.78,3309.17,Yes
9702-OQU,Male,0,Yes,No,4,Yes,Yes,DSL,No,Yes,Yes,No,No,No,Two year,Yes,Electronic check,27.26,122.1,Yes
1384-PTB,Male,0,Yes,No,20,Yes,No,DSL,No,No,No,Yes,No,No,Month-to-month,No,Bank transfer (automatic),86.9,1749.15,No
1404-QWI,Male,0,No,Yes,47,Yes,No,DSL,No,No,No,No,No,Yes,Month-to-month,Yes,Bank transfer (automatic),114.96,5392.99,Yes
9175-RZP,Female,0,No,Yes,9,Yes,Yes,Fiber optic,Yes,Yes,Yes,No,No,No,Two year,Yes,Mailed check,48.46,446.75,No
3000-SCW,Female,0,No,No,27,Yes,Yes,No,No internet service,No internet service,No internet service,No internet service,No internet service,No internet service,One year,No,Credit card (automatic),104.83,2836.03,No
6989-TFD,Male,0,No,No,15,Yes,No,Fiber optic,No,No,No,No,No,Yes,One year,Yes,Credit card (automatic),112.08,1661.99,No
2460-UIK,Male,0,Yes,Yes,19,No,No phone service,Fiber optic,No,No,No,Yes,No,No,One year,Yes,Mailed check,93.33,1760.46,No
8190-VLR,Female,0,No,No,52,Yes,No,DSL,Yes,Yes,Yes,No,No,Yes,Two year,Yes,Mailed check,41.5,2175.07,No
8140-WOY,Male,0,No,No,26,Yes,No,Fiber optic,No,Yes,Yes,No,Yes,No,One year,No,Mailed check,51.82,1351.96,No
4636-XRF,Female,0,No,No,26,Yes,No,DSL,No,No,No,Yes,No,Yes,Two year,Yes,Credit card (automatic),21.85,559.64,No
5809-YUM,Male,0,Yes,Yes,26,No,No phone service,No,No internet service,No internet service,No internet service,No internet service,No internet service,No internet service,One year,Yes,Bank transfer (automatic),101.81,2634.18,No
5178-ZXT,Female,0,No,Yes,46,Yes,No,Fiber optic,No,Yes,Yes,No,No,Yes,One year,Yes,Electronic check,103.64,4759.71,Yes
8245-AAA,Male,0,No,No,49,Yes,No,DSL,No,No,No,No,No,No,Month-to-month,Yes,Mailed check,81.84,4003.49,No
7600-BDH,Male,0,Yes,Yes,53,Yes,No,No,No internet service,No internet service,No internet service,No internet service,No internet service,No internet service,Month-to-month,Yes,Electronic check,53.68,2832.35,No
6997-CGO,Female,0,Yes,No,3,Yes,Yes,DSL,No,Yes,No,No,No,No,One year,No,Bank transfer (automatic),25.97,51.78,No
3048-DJV,Male,0,No,No,66,Yes,No,Fiber optic,No,Yes,Yes,No,No,No,Month-to-month,No,Electronic check,93.93,6216.48,Yes
5780-EMC,Male,1,Yes,No,42,Yes,Yes,Fiber optic,No,No,Yes,No,No,No,One year,Yes,Mailed check,91.27,3847.9,Yes
1716-FPJ,Female,0,Yes,No,19,Yes,Yes,DSL,No,No,Yes,No,Yes,No,Month-to-month,Yes,Credit card (automatic),109.97,2070.33,Yes
8939-GSQ,Male,0,Yes,No,17,Yes,No,DSL,Yes,No,Yes,Yes,No,Yes,Two year,Yes,Electronic check,91.67,1560.43,No
6565-HVX,Female,0,No,Yes,33,No,No phone service,Fiber optic,No,No,Yes,Yes,No,Yes,Month-to-month,Yes,Electronic check,101.53,3336.96,No
5544-IYE,Female,0,No,No,49,Yes,Yes,Fiber optic,Yes,Yes,No,No,Yes,Yes,Two year,No,Mailed check,93.22,4563.86,No
5976-JBL,Male,0,No,No,56,No,No phone service,DSL,No,No,Yes,No,No,No,One year,No,Electronic check,81.63,4566.11,No
4419-KES,Male,1,Yes,No,63,Yes,No,No,No internet service,No internet service,No internet service,No internet service,No internet service,No internet service,Month-to-month,No,Electronic check,61.16,3846.66,Yes
8239-LHZ,Male,0,No,Yes,3,Yes,Yes,DSL,No,No,No,No,No,Yes,Month-to-month,Yes,Credit card (automatic),108.91,356.77,Yes
1249-MKG,Male,0,No,Yes,49,Yes,No,DSL,No,Yes,No,No,Yes,Yes,Month-to-month,Yes,Credit card (automatic),83.67,4093.23,No
9865-NNN,Male,0,No,Yes,55,Yes,No,DSL,No,No,Yes,Yes,No,Yes,Month-to-month,No,Credit card (automatic),58.28,3193.28,No
1770-OQU,Male,0,No,No,26,Yes,No,DSL,Yes,Yes,Yes,No,Yes,Yes,Month-to-month,No,Credit card (automatic),26.64,681.2,No
5363-PTB,Male,0,Yes,No,72,Yes,Yes,DSL,No,No,Yes,Yes,No,No,Month-to-month,No,Mailed check,47.47,3433.5,No
2077-QWI,Female,0,No,No,52,Yes,Yes,No,No internet service,No internet service,No internet service,No internet service,No internet service,No internet service,Two year,Yes,Electronic check,72.89,3765.5,No
9427-RZP,Male,0,Yes,Yes,7,Yes,No,DSL,Yes,No,Yes,No,No,Yes,Month-to-month,No,Electronic check,45.95,310.21,Yes
9580-SCW,Female,0,No,Yes,46,Yes,Yes,DSL,Yes,No,No,No,Yes,No,One year,Yes,Credit card (automatic),40.48,1883.78,No
8901-TFD,Male,0,Yes,No,46,Yes,No,DSL,No,No,Yes,No,No,No,Month-to-month,Yes,Bank transfer (automatic),71.25,3281.16,No
5858-UIK,Male,1,Yes,No,16,Yes,No,Fiber optic,Yes,No,No,Yes,No,No,One year,Yes,Electronic check,35.32,568.0,No
7544-VLR,Female,0,Yes,Yes,24,Yes,Yes,Fiber optic,No,Yes,No,Yes,No,Yes,Month-to-month,No,Mailed check,98.69,2400.54,Yes
5719-WOY,Male,0,No,No,61,No,No phone service,DSL,No,No,No,No,No,Yes,One year,Yes,Mailed check,66.93,4086.43,No
3814-XRF,Male,0,Yes,Yes,54,Yes,Yes,DSL,No,Yes,No,No,No,Yes,One year,Yes,Mailed check,75.92,4089.06,No
4374-YUM,Female,0,No,No,62,Yes,Yes,DSL,No,No,No,No,No,No,One year,No,Credit card (automatic),33.06,2045.49,No
2252-ZXT,Male,1,Yes,No,1,Yes,No,DSL,Yes,No,Yes,Yes,No,Yes,Month-to-month,Yes,Mailed check,50.87,33.84,Yes
7996-AAA,Male,0,Yes,Yes,49,Yes,Yes,DSL,Yes,No,Yes,No,Yes,No,One year,No,Credit card (automatic),59.46,2932.38,No
5673-BDH,Male,0,No,Yes,25,No,No phone service,DSL,No,Yes,No,No,No,No,Month-to-month,Yes,Mailed check,99.48,2495.62,Yes
5530-CGO,Female,1,Yes,No,10,Yes,Yes,DSL,No,No,Yes,Yes,Yes,No,Month-to-month,Yes,Bank transfer (automatic),95.65,973.37,Yes
7881-DJV,Male,0,Yes,Yes,16,Yes,Yes,Fiber optic,No,No,No,No,No,No,Month-to-month,No,Credit card (automatic),40.66,668.75,Yes
7949-EMC,Male,1,No,No,58,Yes,No,DSL,No,Yes,No,Yes,No,No,Month-to-month,No,Credit card (automatic),80.18,4644.23,No
7241-FPJ,Male,0,Yes,No,72,Yes,Yes,No,No internet service,No internet service,No internet service,No internet service,No internet service,No internet service,Month-to-month,Yes,Electronic check,42.72,3061.67,No
9017-GSQ,Male,0,Yes,No,29,No,No phone service,No,No internet service,No internet service,No internet service,No internet service,No internet service,No internet service,One year,No,Electronic check,117.57,3408.75,No
7941-HVX,Female,0,Yes,No,6,Yes,Yes,Fiber optic,Yes,No,No,No,Yes,No,Month-to-month,Yes,Mailed check,113.94,670.55,Yes
8002-IYE,Female,0,No,No,16,Yes,No,DSL,No,Yes,No,No,Yes,Yes,Month-to-month,Yes,Mailed check,74.86,1200.23,Yes
2331-JBL,Male,1,No,Yes,20,Yes,No,DSL,No,No,No,No,Yes,No,Month-to-month,Yes,Bank transfer (automatic),88.49,1786.78,Yes
5261-KES,Male,0,No,No,71,Yes,No,DSL,Yes,Yes,No,No,No,No,One year,Yes,Credit card (automatic),98.79,7011.57,No
8648-LHZ,Female,0,No,No,43,Yes,Yes,Fiber optic,Yes,No,No,No,No,No,One year,No,Electronic check,90.71,3902.78,No
6115-MKG,Female,0,Yes,No,26,Yes,Yes,Fiber optic,Yes,Yes,No,Yes,No,Yes,Month-to-month,No,Mailed check,88.58,2301.67,Yes
5637-NNN,Male,0,Yes,Yes,71,Yes,No,Fiber optic,Yes,Yes,No,No,No,No,One year,No,Electronic check,114.58,8147.22,Yes
5854-OQU,Female,0,No,Yes,33,Yes,Yes,No,No internet service,No internet service,No internet service,No internet service,No internet service,No internet service,Month-to-month,No,Credit card (automatic),78.19,2570.25,No
4177-PTB,Male,1,Yes,No,26,Yes,No,DSL,No,No,No,No,Yes,Yes,Month-to-month,Yes,Credit card (automatic),82.2,2104.25,Yes
8730-QWI,Female,0,Yes,Yes,45,Yes,No,Fiber optic,Yes,Yes,No,No,No,Yes,Month-to-month,No,Mailed check,103.6,4669.06,No
3180-RZP,Female,0,Yes,No,63,Yes,Yes,DSL,Yes,No,No,Yes,No,Yes,One year,No,Electronic check,85.57,5405.73,No
5892-SCW,Female,0,Yes,No,67,No,No phone service,DSL,Yes,Yes,No,No,No,Yes,One year,No,Credit card (automatic),91.91,6164.67,No
8043-TFD,Female,0,No,No,52,Yes,No,DSL,No,No,No,Yes,Yes,No,Month-to-month,No,Bank transfer (automatic),41.78,2162.96,No
1137-UIK,Male,0,Yes,No,68,Yes,No,DSL,No,No,Yes,Yes,No,No,Month-to-month,No,Mailed check,55.56,3761.05,No
7327-VLR,Female,0,No,No,26,Yes,Yes,Fiber optic,Yes,Yes,No,No,No,Yes,Month-to-month,Yes,Credit card (automatic),33.05,866.72,Yes
4472-WOY,Female,1,Yes,No,2,Yes,No,DSL,Yes,Yes,Yes,Yes,No,No,One year,No,Credit card (automatic),69.08,140.28,No
6449-XRF,Male,0,No,Yes,14,Yes,Yes,Fiber optic,Yes,No,No,No,Yes,No,Two year,No,Mailed check,64.05,894.81,No
3832-YUM,Female,0,Yes,No,30,Yes,Yes,Fiber optic,No,No,No,No,No,No,Month-to-month,No,Bank transfer (automatic),118.46,3581.14,Yes
4579-ZXT,Female,0,Yes,No,49,Yes,Yes,Fiber optic,Yes,No,No,No,No,No,Month-to-month,Yes,Electronic check,79.68,3890.12,Yes
6971-AAA,Male,1,No,No,12,Yes,No,DSL,No,No,Yes,No,Yes,No,One year,Yes,Bank transfer (automatic),97.29,1194.11,No
5164-BDH,Female,0,No,No,44,Yes,No,Fiber optic,No,No,No,No,No,Yes,Two year,No,Mailed check,51.82,2280.56,No
8941-CGO,Male,0,Yes,No,33,Yes,No,Fiber optic,No,Yes,No,Yes,No,No,Two year,Yes,Electronic check,101.82,3332.53,No
6569-DJV,Male,0,Yes,No,13,No,No phone service,DSL,Yes,Yes,Yes,No,Yes,No,One year,No,Electronic check,80.07,1038.22,No
5300-EMC,Male,0,Yes,No,26,Yes,Yes,DSL,No,Yes,Yes,No,No,No,Two year,Yes,Electronic check,88.3,2310.19,No
7269-FPJ,Male,0,Yes,Yes,21,Yes,No,Fiber optic,No,Yes,No,No,No,No,Month-to-month,Yes,Electronic check,47.84,999.16,Yes
4818-GSQ,Female,0,Yes,No,28,Yes,Yes,Fiber optic,Yes,Yes,No,No,No,No,Month-to-month,Yes,Mailed check,73.39,2032.8,Yes
2906-HVX,Male,0,No,No,48,Yes,No,Fiber optic,No,No,Yes,Yes,No,Yes,Month-to-month,Yes,Bank transfer (automatic),81.97,3932.09,Yes
7254-IYE,Female,0,Yes,No,40,Yes,Yes,Fiber optic,Yes,No,No,No,Yes,Yes,One year,Yes,Bank transfer (automatic),77.45,3085.14,No
1760-JBL,Female,1,Yes,No,66,Yes,Yes,Fiber optic,Yes,No,No,Yes,No,Yes,Month-to-month,Yes,Mailed check,110.23,7282.56,No
8830-KES,Female,1,No,No,23,Yes,Yes,DSL,Yes,Yes,No,No,Yes,No,Month-to-month,Yes,Mailed check,108.53,2507.79,No
8350-LHZ,Female,0,No,Yes,48,Yes,No,DSL,No,No,No,Yes,No,No,Month-to-month,Yes,Credit card (automatic),115.83,5544.0,Yes
7238-MKG,Female,0,No,No,2,Yes,Yes,DSL,No,No,No,No,Yes,No,Month-to-month,Yes,Mailed check,85.33,160.07,Yes
7090-NNN,Female,0,Yes,Yes,20,Yes,No,Fiber optic,No,No,No,No,Yes,No,Two year,Yes,Credit card (automatic),115.93,2329.95,Yes
7031-OQU,Female,0,Yes,No,59,Yes,Yes,Fiber optic,Yes,Yes,No,No,No,No,Month-to-month,Yes,Mailed check,101.91,5999.81,Yes
8687-PTB,Female,0,No,No,46,Yes,Yes,DSL,No,Yes,Yes,No,No,No,Month-to-month,No,Bank transfer (automatic),45.47,2075.39,No
9472-QWI,Female,0,Yes,Yes,3,Yes,No,Fiber optic,Yes,Yes,Yes,No,No,No,One year,Yes,Electronic check,61.21,165.95,Yes
2887-RZP,Female,0,Yes,Yes,55,Yes,No,DSL,No,Yes,No,No,Yes,Yes,Month-to-month,Yes,Bank transfer (automatic),42.21,2326.83,Yes
4266-SCW,Male,0,No,No,12,Yes,No,DSL,Yes,No,No,No,No,No,One year,No,Credit card (automatic),18.67,228.68,No
1666-TFD,Male,0,No,Yes,40,Yes,Yes,DSL,Yes,Yes,No,No,Yes,No,Two year,Yes,Credit card (automatic),37.15,1475.74,No
5188-UIK,Male,0,No,No,66,No,No phone service,DSL,No,Yes,No,No,No,Yes,Two year,No,Credit card (automatic),18.66,1231.64,No
1671-VLR,Female,0,Yes,Yes,16,Yes,Yes,DSL,Yes,No,No,Yes,No,Yes,Two year,No,Electronic check,90.59,1472.35,No
7777-WOY,Male,0,Yes,Yes,34,Yes,Yes,DSL,No,No,No,No,Yes,No,Month-to-month,Yes,Bank transfer (automatic),61.02,2060.07,Yes
8570-XRF,Male,0,No,No,44,Yes,No,DSL,No,No,Yes,Yes,No,Yes,One year,Yes,Mailed check,49.66,2155.76,No
8956-YUM,Male,0,Yes,No,6,Yes,No,DSL,No,No,No,No,Yes,No,Month-to-month,Yes,Bank transfer (automatic),94.8,575.63,Yes
6124-ZXT,Female,0,No,No,64,No,No phone service,Fiber optic,No,No,Yes,No,No,Yes,Month-to-month,Yes,Electronic check,101.91,6520.58,Yes
6585-AAA,Female,0,No,No,22,Yes,No,DSL,No,Yes,No,No,No,No,Month-to-month,Yes,Credit card (automatic),116.27,2547.29,Yes
5777-BDH,Female,0,No,No,18,No,No phone service,No,No internet service,No internet service,No internet service,No internet service,No internet service,No internet service,Month-to-month,Yes,Credit card (automatic),82.77,,Yes
4900-CGO,Female,0,Yes,No,12,Yes,No,DSL,Yes,No,Yes,No,No,No,Two year,No,Mailed check,64.63,788.15,No
7677-DJV,Male,1,Yes,No,52,Yes,Yes,DSL,No,No,No,No,No,No,Month-to-month,Yes,Electronic check,48.93,2511.24,Yes
7981-EMC,Male,1,No,No,51,Yes,No,DSL,No,No,Yes,Yes,Yes,No,One year,Yes,Electronic check,40.59,2060.3,No
7376-FPJ,Male,1,No,No,71,Yes,No,DSL,Yes,Yes,Yes,No,Yes,No,Month-to-month,No,Bank transfer (automatic),39.65,2849.91,No
1523-GSQ,Male,0,No,No,48,Yes,No,Fiber optic,Yes,No,Yes,Yes,Yes,No,Month-to-month,Yes,Electronic check,59.37,2858.51,Yes
3393-HVX,Female,0,Yes,Yes,19,Yes,Yes,DSL,No,Yes,No,No,No,No,Two year,Yes,Credit card (automatic),117.92,2250.62,No
3593-IYE,Female,1,Yes,No,6,No,No phone service,No,No internet service,No internet service,No internet service,No internet service,No internet service,No internet service,Month-to-month,Yes,Bank transfer (automatic),18.34,127.63,Yes
8240-JBL,Female,0,No,Yes,27,Yes,Yes,No,No internet service,No internet service,No internet service,No internet service,No internet service,No internet service,One year,Yes,Bank transfer (automatic),38.07,1028.15,No
7937-KES,Male,0,No,No,53,Yes,Yes,Fiber optic,No,No,No,Yes,No,No,Month-to-month,No,Mailed check,37.18,1982.49,No
7190-LHZ,Female,0,No,Yes,48,Yes,Yes,Fiber optic,No,Yes,No,No,Yes,Yes,Month-to-month,Yes,Electronic check,90.32,4346.13,Yes
6240-MKG,Female,0,Yes,No,7,Yes,Yes,Fiber optic,Yes,Yes,No,No,No,No,Month-to-month,Yes,Credit card (automatic),53.67,383.78,Yes
7493-NNN,Male,1,No,No,59,Yes,Yes,DSL,No,No,No,Yes,Yes,No,Two year,Yes,Bank transfer (automatic),64.2,3782.97,No
3878-OQU,Male,0,No,Yes,69,Yes,No,Fiber optic,Yes,No,No,No,Yes,Yes,Month-to-month,Yes,Credit card (automatic),33.19,2292.69,No
5143-PTB,Female,0,No,Yes,11,No,No phone service,DSL,No,No,No,Yes,No,Yes,Month-to-month,Yes,Mailed check,58.95,639.62,No
4644-QWI,Female,0,Yes,Yes,15,Yes,Yes,DSL,No,Yes,Yes,No,No,Yes,Month-to-month,No,Bank transfer (automatic),28.62,429.49,Yes
5432-RZP,Female,0,Yes,No,64,Yes,Yes,Fiber optic,Yes,Yes,No,No,No,No,One year,No,Electronic check,71.82,4578.95,Yes
2276-SCW,Female,0,No,No,3,Yes,Yes,Fiber optic,No,No,No,Yes,Yes,No,One year,Yes,Bank transfer (automatic),28.09,72.41,No
6811-TFD,Female,0,Yes,Yes,69,Yes,No,No,No internet service,No internet service,No internet service,No internet service,No internet service,No internet service,One year,Yes,Bank transfer (automatic),97.7,6737.07,No
1302-UIK,Female,0,Yes,No,23,No,No phone service,DSL,No,No,No,Yes,No,Yes,Month-to-month,No,Bank transfer (automatic),75.19,1715.21,No
1638-VLR,Male,1,No,No,53,Yes,No,Fiber optic,No,No,No,No,Yes,No,Two year,Yes,Bank transfer (automatic),91.01,4815.95,No
1055-WOY,Male,0,Yes,No,37,Yes,No,DSL,No,No,No,Yes,Yes,No,One year,Yes,Electronic check,60.31,2229.01,No
9717-XRF,Male,0,No,No,9,Yes,Yes,DSL,No,No,Yes,No,No,Yes,Two year,Yes,Credit card (automatic),56.59,515.34,No
9150-YUM,Female,0,Yes,No,15,Yes,No,DSL,No,No,No,Yes,No,No,Two year,Yes,Credit card (automatic),28.12,436.04,No
3125-ZXT,Male,0,No,No,3,Yes,Yes,DSL,Yes,No,No,Yes,Yes,No,One year,Yes,Electronic check,70.9,205.74,No
1364-AAA,Female,0,No,Yes,70,Yes,Yes,DSL,Yes,No,No,No,Yes,No,Month-to-month,No,Credit card (automatic),69.96,4917.23,No
7809-BDH,Female,0,Yes,Yes,17,Yes,Yes,Fiber optic,Yes,Yes,No,Yes,No,Yes,Two year,No,Electronic check,65.29,1124.01,No
5621-CGO,Male,0,Yes,Yes,26,Yes,Yes,Fiber optic,No,No,No,No,Yes,Yes,Two year,Yes,Bank transfer (automatic),92.67,2416.98,Yes
6126-DJV,Female,0,Yes,Yes,21,Yes,Yes,Fiber optic,No,No,No,Yes,No,Yes,Month-to-month,Yes,Electronic check,101.92,2142.62,Yes
6122-EMC,Female,1,Yes,No,72,Yes,No,Fiber optic,Yes,No,Yes,Yes,No,No,Month-to-month,No,Credit card (automatic),93.7,6751.19,No
2646-FPJ,Male,0,No,No,21,Yes,No,Fiber optic,No,No,Yes,No,Yes,No,Two year,Yes,Electronic check,32.71,704.72,No
1918-GSQ,Male,0,No,No,11,Yes,Yes,Fiber optic,No,Yes,No,No,No,No,Month-to-month,No,Mailed check,80.77,906.82,Yes
3797-HVX,Male,0,Yes,Yes,38,Yes,No,Fiber optic,No,No,No,No,No,Yes,Two year,Yes,Mailed check,26.32,1020.18,No
7506-IYE,Female,0,Yes,Yes,72,Yes,Yes,DSL,No,No,Yes,Yes,Yes,Yes,Month-to-month,Yes,Electronic check,88.06,6340.94,No
6870-JBL,Male,0,Yes,No,35,Yes,Yes,No,No internet service,No internet service,No internet service,No internet service,No internet service,No internet service,Month-to-month,Yes,Bank transfer (automatic),56.62,1990.02,Yes
2531-KES,Male,1,No,No,14,Yes,No,Fiber optic,No,Yes,No,No,No,No,Month-to-month,No,Electronic check,31.57,462.13,Yes
9172-LHZ,Female,1,Yes,Yes,14,Yes,No,DSL,Yes,Yes,No,No,Yes,No,Month-to-month,Yes,Bank transfer (automatic),104.89,1459.1,Yes
4345-MKG,Male,0,No,No,10,No,No phone service,DSL,Yes,Yes,No,Yes,No,No,Month-to-month,Yes,Credit card (automatic),79.96,794.82,Yes
8673-NNN,Male,1,No,No,12,Yes,Yes,Fiber optic,No,No,Yes,No,Yes,No,Month-to-month,Yes,Credit card (automatic),53.9,647.04,Yes
7949-OQU,Male,0,No,No,38,Yes,Yes,DSL,Yes,No,No,No,No,Yes,One year,No,Credit card (automatic),21.34,824.41,No
7882-PTB,Female,0,Yes,No,34,Yes,No,No,No internet service,No internet service,No internet service,No internet service,No internet service,No internet service,Two year,No,Mailed check,72.25,2470.23,No
2906-QWI,Female,0,No,Yes,41,Yes,No,DSL,Yes,No,No,No,No,Yes,Month-to-month,No,Electronic check,111.03,4548.77,Yes
4086-RZP,Female,1,Yes,Yes,10,Yes,No,Fiber optic,No,Yes,No,No,Yes,Yes,Month-to-month,No,Mailed check,78.19,759.27,Yes
9152-SCW,Female,0,Yes,No,17,Yes,Yes,DSL,Yes,No,No,No,No,Yes,Month-to-month,Yes,Electronic check,115.9,1973.99,Yes
6750-TFD,Male,0,No,No,17,No,No phone service,Fiber optic,No,Yes,Yes,Yes,Yes,Yes,Month-to-month,Yes,Credit card (automatic),31.96,529.55,Yes
9905-UIK,Female,0,No,No,67,Yes,Yes,No,No internet service,No internet service,No internet service,No internet service,No internet service,No internet service,Month-to-month,Yes,Electronic check,75.36,5026.77,No
2062-VLR,Female,0,Yes,No,62,Yes,Yes,DSL,Yes,Yes,No,No,No,Yes,Month-to-month,Yes,Credit card (automatic),98.46,6085.56,No
2976-WOY,Male,0,Yes,Yes,1,Yes,Yes,Fiber optic,No,No,Yes,Yes,No,Yes,Month-to-month,No,Electronic check,71.07,75.97,Yes
2296-XRF,Male,1,Yes,No,12,Yes,No,DSL,Yes,No,Yes,No,Yes,Yes,Month-to-month,No,Credit card (automatic),27.4,349.22,No
7229-YUM,Male,0,Yes,Yes,4,Yes,No,DSL,Yes,Yes,No,No,No,No,Month-to-month,Yes,Electronic check,76.83,307.9,Yes
8641-ZXT,Female,0,Yes,No,42,Yes,Yes,DSL,No,Yes,No,No,No,Yes,One year,No,Electronic check,79.73,3351.83,No
1125-AAA,Female,1,Yes,No,13,Yes,No,Fiber optic,No,Yes,No,No,Yes,No,Month-to-month,No,Bank transfer (automatic),91.49,1207.11,Yes
5632-BDH,Female,0,Yes,No,4,Yes,No,DSL,No,No,Yes,Yes,No,No,Two year,Yes,Electronic check,94.75,355.83,No
7288-CGO,Male,1,No,No,69,Yes,Yes,DSL,No,No,No,No,No,No,Two year,Yes,Bank transfer (automatic),95.71,6611.79,No
4596-DJV,Male,0,No,No,19,Yes,No,DSL,Yes,No,No,No,No,No,Two year,Yes,Mailed check,84.93,1613.5,No
7168-EMC,Female,0,No,No,2,Yes,No,Fiber optic,No,No,No,No,Yes,Yes,Two year,Yes,Electronic check,39.94,88.37,Yes
8561-FPJ,Male,0,Yes,No,12,Yes,No,Fiber optic,No,No,No,No,No,No,Month-to-month,Yes,Credit card (automatic),58.88,699.31,Yes
9258-GSQ,Male,1,No,Yes,6,Yes,Yes,DSL,No,Yes,No,Yes,No,No,Month-to-month,Yes,Mailed check,96.25,565.23,Yes
1232-HVX,Male,0,No,Yes,8,Yes,No,DSL,Yes,No,No,No,No,No,Month-to-month,Yes,Bank transfer (automatic),114.07,914.67,Yes
7371-IYE,Female,0,No,Yes,51,Yes,No,No,No internet service,No internet service,No internet service,No internet service,No internet service,No internet service,Two year,No,Mailed check,26.18,1359.92,No
5206-JBL,Male,0,No,Yes,11,Yes,Yes,DSL,No,No,Yes,Yes,No,Yes,Two year,Yes,Bank transfer (automatic),72.07,805.68,No
8943-KES,Male,0,No,No,63,Yes,Yes,Fiber optic,No,Yes,Yes,No,Yes,Yes,Two year,Yes,Electronic check,49.66,3120.96,No
7891-LHZ,Female,0,No,No,57,Yes,No,Fiber optic,Yes,Yes,No,Yes,No,Yes,Month-to-month,No,Electronic check,40.9,2311.19,No
7738-MKG,Female,0,Yes,No,12,Yes,Yes,Fiber optic,No,Yes,No,No,No,No,One year,Yes,Mailed check,69.08,803.73,Yes
3472-NNN,Male,1,No,Yes,2,Yes,No,DSL,Yes,Yes,No,No,No,No,Month-to-month,Yes,Mailed check,79.16,178.06,Yes
3739-OQU,Male,0,No,No,8,Yes,No,Fiber optic,No,No,No,Yes,Yes,Yes,Month-to-month,No,Mailed check,19.23,139.51,No
6401-PTB,Female,0,No,No,11,Yes,Yes,Fiber optic,No,No,Yes,No,No,No,One year,Yes,Bank transfer (automatic),96.66,1058.38,Yes
2761-QWI,Female,0,No,No,53,Yes,Yes,Fiber optic,No,No,Yes,No,No,No,Month-to-month,No,Bank transfer (automatic),100.65,5354.27,Yes
1876-RZP,Male,1,Yes,No,10,Yes,No,DSL,No,No,No,No,No,No,Two year,Yes,Electronic check,115.28,1128.59,Yes
4812-SCW,Male,0,Yes,No,8,Yes,Yes,DSL,Yes,No,Yes,Yes,No,No,Month-to-month,Yes,Electronic check,36.4,313.58,No
2460-TFD,Male,0,No,Yes,36,Yes,No,DSL,No,No,No,Yes,No,No,Two year,Yes,Mailed check,78.0,2804.2,No
2733-UIK,Male,0,No,Yes,14,Yes,No,Fiber optic,No,Yes,No,Yes,No,Yes,Month-to-month,Yes,Electronic check,61.13,838.59,Yes
2605-VLR,Female,0,No,No,54,Yes,No,Fiber optic,Yes,Yes,No,Yes,No,No,Two year,No,Electronic check,51.9,2798.89,No
6622-WOY,Male,0,Yes,No,21,Yes,No,DSL,No,No,No,No,Yes,Yes,Two year,No,Electronic check,75.1,1566.26,No
7767-XRF,Male,0,Yes,No,50,Yes,No,Fiber optic,No,Yes,No,No,No,No,Two year,No,Credit card (automatic),96.88,4850.61,No
7986-YUM,Female,0,No,Yes,39,Yes,Yes,DSL,Yes,Yes,No,No,Yes,No,Month-to-month,No,Bank transfer (automatic),20.57,792.51,No
4517-ZXT,Male,0,No,No,20,Yes,No,Fiber optic,Yes,No,Yes,No,No,No,Two year,Yes,Electronic check,115.67,2284.73,No
4735-AAA,Female,0,No,No,7,Yes,No,No,No internet service,No internet service,No internet service,No internet service,No internet service,No internet service,Month-to-month,No,Electronic check,99.64,694.17,Yes
9434-BDH,Male,0,Yes,No,9,Yes,Yes,DSL,Yes,No,No,No,No,No,Month-to-month,No,Bank transfer (automatic),93.74,823.31,Yes
3590-CGO,Male,0,No,Yes,1,Yes,Yes,DSL,No,Yes,No,No,No,Yes,Month-to-month,No,Mailed check,94.67,97.73,Yes
2063-DJV,Female,0,Yes,Yes,26,Yes,No,DSL,No,No,No,Yes,Yes,Yes,Two year,No,Credit card (automatic),57.35,1473.29,No
5324-EMC,Female,0,No,No,38,No,No phone service,Fiber optic,No,No,Yes,No,No,No,Month-to-month,Yes,Credit card (automatic),93.79,3556.7,Yes
6342-FPJ,Male,0,Yes,No,38,Yes,Yes,Fiber optic,No,Yes,No,No,Yes,Yes,Two year,Yes,Bank transfer (automatic),57.12,2173.3,No
1005-GSQ,Male,0,Yes,Yes,61,No,No phone service,No,No internet service,No internet service,No internet service,No internet service,No internet service,No internet service,One year,No,Electronic check,108.57,6619.58,No
8489-HVX,Male,0,No,Yes,44,Yes,No,DSL,No,Yes,No,No,Yes,No,Month-to-month,Yes,Credit card (automatic),36.06,1590.4,Yes
9659-IYE,Female,0,No,No,44,Yes,No,No,No internet service,No internet service,No internet service,No internet service,No internet service,No internet service,Two year,Yes,Credit card (automatic),47.63,,No
9195-JBL,Male,0,Yes,No,62,Yes,Yes,DSL,No,No,No,Yes,Yes,Yes,Month-to-month,No,Bank transfer (automatic),73.66,4549.55,No
6966-KES,Female,0,No,No,6,Yes,No,Fiber optic,Yes,Yes,No,Yes,No,Yes,Two year,Yes,Bank transfer (automatic),50.33,301.01,No
9837-LHZ,Female,0,Yes,No,17,Yes,Yes,DSL,No,Yes,No,Yes,No,Yes,Month-to-month,Yes,Electronic check,60.89,985.19,Yes
1117-MKG,Male,0,Yes,No,51,Yes,Yes,No,No internet service,No internet service,No internet service,No internet service,No internet service,No internet service,Month-to-month,Yes,Mailed check,67.74,3458.45,No
3551-NNN,Female,0,Yes,Yes,38,Yes,No,Fiber optic,No,No,No,No,No,No,Month-to-month,No,Bank transfer (automatic),104.31,3959.27,Yes
6560-OQU,Male,0,Yes,No,24,Yes,Yes,Fiber optic,No,No,Yes,No,No,No,Month-to-month,Yes,Credit card (automatic),70.83,1685.17,No
5289-PTB,Male,1,No,No,51,Yes,No,Fiber optic,No,Yes,No,Yes,Yes,Yes,Month-to-month,No,Bank transfer (automatic),54.68,2793.42,No
1846-QWI,Male,0,Yes,No,10,Yes,No,DSL,No,Yes,No,No,No,Yes,Month-to-month,Yes,Credit card (automatic),43.15,449.09,Yes
7316-RZP,Male,1,No,No,72,Yes,No,DSL,No,Yes,No,No,Yes,No,Month-to-month,Yes,Electronic check,59.32,4263.9,No
7469-SCW,Male,0,No,Yes,21,Yes,Yes,Fiber optic,Yes,No,No,No,Yes,Yes,Month-to-month,Yes,Electronic check,70.08,1457.51,Yes
9915-TFD,Female,0,Yes,Yes,70,Yes,Yes,DSL,No,Yes,Yes,No,Yes,No,Month-to-month,No,Mailed check,93.23,6528.58,Yes
1224-UIK,Female,0,No,No,57,Yes,No,DSL,Yes,No,Yes,Yes,No,No,Two year,Yes,Electronic check,30.42,1713.91,No
5208-VLR,Male,0,Yes,Yes,39,Yes,No,Fiber optic,No,No,No,No,No,No,One year,No,Bank transfer (automatic),40.52,1570.37,No
7283-WOY,Male,0,No,Yes,33,Yes,No,Fiber optic,Yes,Yes,No,Yes,No,No,Two year,No,Electronic check,56.41,1879.87,No
3048-XRF,Female,0,Yes,No,59,Yes,No,DSL,Yes,No,No,No,No,No,One year,No,Credit card (automatic),54.47,3214.66,No
7233-YUM,Female,0,Yes,No,18,Yes,Yes,DSL,Yes,No,No,No,No,No,One year,No,Credit card (automatic),57.62,1008.97,No
2828-ZXT,Female,1,Yes,No,56,No,No phone service,DSL,No,No,No,No,Yes,No,One year,Yes,Mailed check,98.0,5461.05,No
2917-AAA,Female,0,Yes,No,57,Yes,Yes,DSL,Yes,Yes,No,No,No,No,Month-to-month,Yes,Electronic check,50.83,2899.74,No
5234-BDH,Male,0,Yes,No,48,Yes,No,No,No internet service,No internet service,No internet service,No internet service,No internet service,No internet service,One year,No,Bank transfer (automatic),68.69,3310.06,No
7988-CGO,Male,0,No,No,42,Yes,Yes,No,No internet service,No internet service,No internet service,No internet service,No internet service,No internet service,Month-to-month,No,Credit card (automatic),80.95,3375.64,Yes
3026-DJV,Female,0,No,No,27,Yes,Yes,Fiber optic,No,No,No,No,No,Yes,Two year,No,Bank transfer (automatic),41.58,1129.41,No
4744-EMC,Male,0,No,No,52,Yes,No,DSL,No,No,No,No,No,No,One year,No,Electronic check,90.48,4724.92,No
1009-FPJ,Female,0,No,No,42,Yes,Yes,No,No internet service,No internet service,No internet service,No internet service,No internet service,No internet service,Month-to-month,No,Electronic check,73.23,3103.98,Yes
1260-GSQ,Male,0,Yes,No,32,Yes,Yes,Fiber optic,Yes,No,No,No,No,Yes,One year,Yes,Electronic check,63.15,2025.77,No
7038-HVX,Female,0,Yes,No,26,Yes,Yes,DSL,Yes,Yes,No,Yes,No,No,Month-to-month,No,Electronic check,99.63,2597.98,Yes
3219-IYE,Male,0,Yes,No,25,Yes,No,No,No internet service,No internet service,No internet service,No internet service,No internet service,No internet service,Month-to-month,No,Credit card (automatic),42.72,1036.0,Yes
8041-JBL,Female,0,Yes,No,23,Yes,No,Fiber optic,No,No,No,No,Yes,No,Month-to-month,No,Credit card (automatic),107.01,2492.73,Yes
3060-KES,Female,0,No,Yes,57,No,No phone service,Fiber optic,No,Yes,No,No,No,Yes,One year,Yes,Electronic check,74.64,4245.85,Yes
6287-LHZ,Male,1,No,No,52,Yes,No,Fiber optic,No,Yes,No,No,No,Yes,One year,No,Electronic check,79.47,4118.44,No
2619-MKG,Female,1,Yes,Yes,31,Yes,No,DSL,No,No,No,No,Yes,No,Two year,No,Electronic check,106.19,3288.06,No
9512-NNN,Male,0,Yes,No,64,Yes,Yes,DSL,Yes,No,No,No,No,No,Month-to-month,Yes,Credit card (automatic),100.42,6449.56,No
2342-OQU,Male,0,No,No,71,Yes,No,Fiber optic,Yes,No,Yes,No,No,No,Month-to-month,No,Mailed check,78.71,5621.53,No
3832-PTB,Female,0,No,No,33,Yes,Yes,DSL,Yes,No,No,No,Yes,No,One year,Yes,Bank transfer (automatic),93.95,3102.23,No
3824-QWI,Male,0,Yes,No,2,Yes,Yes,DSL,No,No,No,No,No,Yes,Month-to-month,No,Mailed check,61.8,138.57,Yes
2994-RZP,Male,1,No,No,18,Yes,No,Fiber optic,No,No,No,Yes,No,No,One year,Yes,Bank transfer (automatic),73.26,1319.33,No
4490-SCW,Male,0,No,No,47,Yes,No,Fiber optic,No,No,Yes,No,Yes,No,Month-to-month,Yes,Mailed check,24.49,1135.46,Yes
8984-TFD,Male,0,Yes,No,33,Yes,Yes,Fiber optic,Yes,No,Yes,No,Yes,No,Month-to-month,Yes,Electronic check,27.28,922.39,Yes
2604-UIK,Male,0,Yes,No,35,Yes,Yes,Fiber optic,Yes,No,Yes,No,Yes,Yes,Month-to-month,No,Bank transfer (automatic),101.61,3547.02,No
1235-VLR,Female,0,No,Yes,51,Yes,No,Fiber optic,Yes,No,No,No,No,No,One year,Yes,Bank transfer (automatic),24.25,1259.78,No
2908-WOY,Male,0,No,Yes,18,Yes,Yes,Fiber optic,No,No,Yes,No,No,Yes,Month-to-month,No,Electronic check,35.27,654.34,Yes
9567-XRF,Male,1,No,Yes,72,Yes,Yes,DSL,Yes,No,No,No,No,Yes,Month-to-month,No,Electronic check,98.23,7081.77,No
4530-YUM,Male,0,Yes,No,30,Yes,Yes,DSL,No,No,Yes,No,Yes,No,Month-to-month,No,Mailed check,18.37,578.53,No
6256-ZXT,Male,0,Yes,No,44,Yes,Yes,DSL,No,Yes,Yes,Yes,Yes,Yes,Month-to-month,Yes,Mailed check,46.63,2085.21,No
3635-AAA,Male,1,No,No,53,Yes,No,DSL,No,Yes,Yes,No,Yes,Yes,Month-to-month,No,Bank transfer (automatic),76.95,4075.72,No
9162-BDH,Female,0,No,Yes,10,Yes,Yes,DSL,No,No,Yes,No,No,No,Month-to-month,No,Credit card (automatic),78.09,768.77,Yes
3560-CGO,Male,0,Yes,Yes,52,Yes,Yes,DSL,No,Yes,No,Yes,No,No,One year,Yes,Electronic check,96.35,4982.24,No
6415-DJV,Female,0,No,No,49,Yes,No,Fiber optic,No,Yes,No,No,No,No,Month-to-month,Yes,Electronic check,69.1,3419.57,Yes
4391-EMC,Female,0,No,Yes,11,Yes,No,No,No internet service,No internet service,No internet service,No internet service,No internet service,No internet service,One year,Yes,Electronic check,69.44,757.24,No
6951-FPJ,Female,1,No,No,66,Yes,Yes,DSL,No,No,No,No,Yes,No,One year,No,Mailed check,91.14,6032.27,No
6468-GSQ,Female,0,No,No,58,No,No phone service,Fiber optic,No,Yes,Yes,No,No,No,Month-to-month,Yes,Mailed check,68.36,3953.76,Yes
9007-HVX,Male,1,No,No,36,Yes,Yes,Fiber optic,No,Yes,Yes,Yes,No,Yes,Month-to-month,Yes,Bank transfer (automatic),79.4,2881.47,Yes
7413-IYE,Female,0,Yes,Yes,33,Yes,Yes,DSL,No,No,No,Yes,Yes,No,Two year,No,Electronic check,108.48,3569.34,No
7941-JBL,Female,1,No,Yes,47,Yes,No,No,No internet service,No internet service,No internet service,No internet service,No internet service,No internet service,Month-to-month,Yes,Bank transfer (automatic),58.6,2736.32,Yes
5820-KES,Male,0,Yes,Yes,13,Yes,No,Fiber optic,No,No,No,No,No,No,Month-to-month,No,Credit card (automatic),56.96,737.35,Yes
3898-LHZ,Male,0,No,No,40,Yes,No,DSL,No,No,Yes,Yes,Yes,No,Month-to-month,No,Credit card (automatic),18.61,736.42,No
8546-MKG,Male,0,Yes,No,68,No,No phone service,Fiber optic,No,No,No,No,Yes,Yes,One year,Yes,Credit card (automatic),79.9,5442.14,No
1077-NNN,Female,1,No,Yes,42,No,No phone service,DSL,No,No,No,Yes,Yes,Yes,One year,No,Bank transfer (automatic),21.24,891.31,No
8577-OQU,Male,0,Yes,No,19,Yes,No,Fiber optic,Yes,No,Yes,No,No,No,Two year,Yes,Credit card (automatic),68.92,1318.9,No
5227-PTB,Male,0,Yes,No,19,No,No phone service,DSL,Yes,No,No,Yes,No,No,Two year,Yes,Electronic check,99.08,1878.15,No
1600-QWI,Female,0,Yes,Yes,58,Yes,No,Fiber optic,No,Yes,Yes,Yes,Yes,No,Month-to-month,No,Electronic check,73.52,4254.18,Yes
2065-RZP,Male,0,Yes,No,23,Yes,No,Fiber optic,No,Yes,No,No,Yes,No,Month-to-month,Yes,Electronic check,45.35,1034.3,Yes
3136-SCW,Male,1,No,No,54,Yes,No,Fiber optic,No,No,Yes,Yes,No,Yes,Month-to-month,No,Bank transfer (automatic),97.26,5282.71,Yes
7943-TFD,Male,0,No,Yes,65,Yes,Yes,DSL,No,No,No,No,No,No,Month-to-month,Yes,Credit card (automatic),45.36,2951.78,No
8804-UIK,Male,0,No,No,12,No,No phone service,Fiber optic,No,No,Yes,No,No,No,Month-to-month,Yes,Electronic check,91.92,1073.28,Yes
7565-VLR,Female,0,Yes,No,24,Yes,No,Fiber optic,No,No,No,No,Yes,No,Month-to-month,No,Bank transfer (automatic),79.58,1902.12,Yes
6984-WOY,Male,0,Yes,No,34,Yes,Yes,Fiber optic,Yes,No,Yes,No,Yes,Yes,Month-to-month,Yes,Bank transfer (automatic),35.33,1202.67,No
6142-XRF,Male,0,Yes,No,53,Yes,Yes,Fiber optic,No,No,No,Yes,Yes,No,Month-to-month,No,Credit card (automatic),109.22,5816.34,Yes
5670-YUM,Female,0,Yes,No,8,Yes,No,Fiber optic,No,No,No,Yes,Yes,No,Month-to-month,Yes,Bank transfer (automatic),38.41,322.71,Yes
3190-ZXT,Male,0,No,No,18,Yes,Yes,No,No internet service,No internet service,No internet service,No internet service,No internet service,No internet service,Two year,No,Credit card (automatic),117.7,2104.77,No
3712-AAA,Female,0,Yes,No,57,No,No phone service,Fiber optic,Yes,Yes,No,No,No,Yes,One year,Yes,Mailed check,18.98,1118.14,No
3192-BDH,Male,0,Yes,No,5,Yes,No,Fiber optic,No,No,No,No,No,No,Two year,Yes,Mailed check,44.73,223.18,Yes
2248-CGO,Female,0,Yes,No,26,Yes,No,Fiber optic,No,Yes,No,No,No,Yes,Month-to-month,Yes,Mailed check,38.34,1015.53,Yes
5033-DJV,Female,0,Yes,Yes,30,Yes,Yes,DSL,Yes,No,No,No,No,No,Month-to-month,Yes,Mailed check,19.66,572.47,No
2997-EMC,Female,0,No,No,54,Yes,No,DSL,Yes,No,Yes,No,Yes,No,Month-to-month,No,Electronic check,91.85,4923.93,No
4687-FPJ,Female,0,No,No,13,Yes,Yes,DSL,No,No,No,Yes,Yes,Yes,Month-to-month,Yes,Bank transfer (automatic),87.94,1122.09,Yes
5018-GSQ,Male,1,Yes,No,29,Yes,Yes,Fiber optic,No,No,Yes,No,No,Yes,Month-to-month,Yes,Bank transfer (automatic),97.88,2789.76,Yes
2970-HVX,Female,1,Yes,No,3,Yes,No,DSL,Yes,No,No,No,Yes,No,Two year,Yes,Bank transfer (automatic),44.05,163.83,No
9389-IYE,Male,0,Yes,Yes,58,Yes,No,Fiber optic,Yes,No,Yes,No,Yes,No,Two year,No,Mailed check,62.91,3652.0,No
6765-JBL,Female,0,Yes,No,2,Yes,No,Fiber optic,No,No,No,No,No,No,Month-to-month,No,Mailed check,84.49,155.11,Yes
2202-KES,Female,1,Yes,Yes,28,Yes,Yes,DSL,No,No,No,Yes,Yes,Yes,Month-to-month,Yes,Mailed check,62.45,1755.39,No
9135-LHZ,Female,0,No,No,2,Yes,No,Fiber optic,No,No,No,Yes,Yes,No,Month-to-month,Yes,Electronic check,88.33,179.5,Yes
6567-MKG,Male,0,No,No,7,Yes,Yes,DSL,Yes,No,No,No,No,Yes,Month-to-month,Yes,Bank transfer (automatic),81.96,583.03,Yes
8667-NNN,Female,0,No,No,26,Yes,No,DSL,No,Yes,Yes,No,No,No,Month-to-month,No,Electronic check,29.77,792.16,Yes
6742-OQU,Male,0,Yes,No,16,No,No phone service,Fiber optic,No,No,No,No,Yes,No,Month-to-month,Yes,Electronic check,96.74,1543.49,Yes
6788-PTB,Male,0,Yes,No,23,Yes,Yes,DSL,Yes,No,Yes,Yes,Yes,No,Month-to-month,Yes,Bank transfer (automatic),90.68,2072.44,Yes
6408-QWI,Male,0,No,No,40,Yes,No,DSL,No,No,No,Yes,No,No,Month-to-month,No,Electronic check,84.16,3378.82,Yes
9669-RZP,Male,1,No,No,60,Yes,Yes,Fiber optic,No,No,No,No,Yes,Yes,Month-to-month,No,Credit card (automatic),33.84,2042.43,Yes
1922-SCW,Male,1,No,No,32,Yes,Yes,DSL,No,No,No,No,No,Yes,Month-to-month,Yes,Mailed check,45.18,1447.27,Yes
1419-TFD,Male,0,Yes,No,15,Yes,No,No,No internet service,No internet service,No internet service,No internet service,No internet service,No internet service,Month-to-month,No,Credit card (automatic),57.76,899.06,Yes
3204-UIK,Male,0,No,Yes,13,Yes,No,No,No internet service,No internet service,No internet service,No internet service,No internet service,No internet service,Two year,No,Electronic check,46.38,596.37,No
2120-VLR,Male,0,Yes,Yes,5,Yes,No,DSL,No,No,Yes,No,Yes,No,Month-to-month,No,Bank transfer (automatic),41.14,192.2,Yes
1950-WOY,Male,0,No,No,52,Yes,No,DSL,Yes,No,Yes,No,Yes,No,Two year,Yes,Mailed check,99.19,5164.15,No
3336-XRF,Female,0,No,No,41,Yes,No,Fiber optic,No,No,Yes,No,No,No,Two year,Yes,Credit card (automatic),82.39,3367.87,No
6373-YUM,Female,0,No,No,53,Yes,No,Fiber optic,No,Yes,Yes,No,No,No,Two year,No,Mailed check,75.08,3986.67,No
3243-ZXT,Female,1,Yes,Yes,50,Yes,Yes,DSL,No,No,Yes,No,Yes,No,Two year,Yes,Electronic check,40.96,,No
3645-AAA,Female,0,No,No,15,No,No phone service,Fiber optic,Yes,Yes,No,No,Yes,No,One year,Yes,Credit card (automatic),110.52,1651.8,Yes
5612-BDH,Female,0,Yes,No,7,Yes,No,DSL,No,Yes,Yes,Yes,Yes,No,Two year,Yes,Mailed check,37.46,290.58,No
2865-CGO,Male,1,Yes,Yes,40,Yes,Yes,Fiber optic,Yes,No,No,Yes,Yes,Yes,Month-to-month,No,Electronic check,98.14,3919.52,No
7028-DJV,Male,0,Yes,No,28,Yes,No,DSL,No,Yes,No,No,No,Yes,Month-to-month,Yes,Mailed check,115.4,3219.22,Yes
8326-EMC,Male,0,No,No,32,Yes,No,DSL,Yes,No,No,No,No,No,Two year,No,Bank transfer (automatic),91.32,2939.8,No
7371-FPJ,Male,0,Yes,No,15,Yes,No,DSL,No,No,No,Yes,No,No,One year,Yes,Electronic check,118.03,1754.68,Yes
7359-GSQ,Male,0,Yes,No,70,Yes,No,No,No internet service,No internet service,No internet service,No internet service,No internet service,No internet service,Two year,Yes,Mailed check,83.68,5847.21,No
8863-HVX,Male,0,No,No,65,Yes,No,Fiber optic,Yes,No,No,Yes,No,No,One year,Yes,Electronic check,40.1,2615.15,No
4228-IYE,Male,0,Yes,Yes,4,Yes,No,Fiber optic,Yes,No,No,No,No,Yes,Two year,Yes,Bank transfer (automatic),38.73,169.0,Yes
4719-JBL,Female,0,No,No,11,Yes,Yes,DSL,No,Yes,Yes,Yes,No,No,One year,No,Bank transfer (automatic),50.87,577.88,No
3371-KES,Female,1,Yes,No,26,Yes,No,DSL,No,No,No,No,Yes,Yes,One year,No,Mailed check,18.97,482.01,Yes
3891-LHZ,Female,0,Yes,No,61,Yes,Yes,DSL,No,Yes,No,Yes,Yes,No,Month-to-month,Yes,Mailed check,86.76,5301.3,No
4756-MKG,Female,0,No,No,37,Yes,No,Fiber optic,No,No,No,Yes,No,Yes,Two year,Yes,Electronic check,45.25,1667.26,No
5225-NNN,Male,0,Yes,No,23,Yes,Yes,Fiber optic,Yes,No,No,No,No,Yes,Two year,No,Electronic check,100.18,2295.06,Yes
1094-OQU,Male,0,Yes,No,40,Yes,Yes,Fiber optic,No,No,No,Yes,No,Yes,Two year,No,Electronic check,54.35,2192.05,No
3674-PTB,Male,0,No,Yes,23,Yes,Yes,DSL,No,No,No,No,No,Yes,One year,No,Mailed check,66.49,1521.03,No
7898-QWI,Female,0,No,No,16,Yes,Yes,No,No internet service,No internet service,No internet service,No internet service,No internet service,No internet service,Month-to-month,No,Mailed check,115.3,1848.97,Yes
1793-RZP,Male,0,No,No,61,Yes,No,DSL,Yes,No,Yes,Yes,No,No,Month-to-month,Yes,Credit card (automatic),42.59,2600.32,No
3116-SCW,Male,0,Yes,No,68,No,No phone service,No,No internet service,No internet service,No internet service,No internet service,No internet service,No internet service,Two year,No,Electronic check,90.74,6154.26,No
6779-TFD,Male,0,Yes,No,31,Yes,Yes,DSL,No,No,No,Yes,Yes,Yes,One year,Yes,Bank transfer (automatic),94.14,2932.83,No
7166-UIK,Female,0,No,Yes,53,Yes,No,Fiber optic,No,No,No,Yes,No,Yes,Month-to-month,Yes,Mailed check,40.46,2152.78,No
1814-VLR,Male,0,No,No,25,Yes,Yes,DSL,No,Yes,Yes,Yes,Yes,No,Month-to-month,No,Mailed check,68.6,1685.21,No
1345-WOY,Female,1,No,No,44,Yes,No,Fiber optic,No,No,Yes,Yes,No,No,Two year,No,Credit card (automatic),53.45,2355.96,No
9554-XRF,Female,0,No,No,12,Yes,No,Fiber optic,No,No,Yes,No,Yes,Yes,Two year,No,Electronic check,95.83,1138.37,Yes
3443-YUM,Female,0,No,No,9,Yes,No,DSL,Yes,No,No,No,No,Yes,Two year,Yes,Electronic check,80.81,743.75,No
8783-ZXT,Female,0,No,No,12,Yes,No,DSL,Yes,Yes,Yes,Yes,No,No,One year,Yes,Bank transfer (automatic),66.09,771.4,No
1984-AAA,Male,0,Yes,Yes,69,Yes,Yes,Fiber optic,No,No,No,No,No,No,Month-to-month,Yes,Mailed check,96.58,6658.67,Yes
8790-BDH,Female,0,No,No,54,Yes,No,Fiber optic,Yes,Yes,No,No,No,No,Month-to-month,No,Electronic check,41.88,2266.95,No
1827-CGO,Female,0,Yes,Yes,54,Yes,Yes,Fiber optic,Yes,Yes,No,No,No,No,Month-to-month,Yes,Electronic check,93.99,5076.28,Yes
4531-DJV,Male,0,Yes,No,28,Yes,No,DSL,No,No,No,No,No,Yes,Two year,No,Electronic check,105.22,2957.6,Yes
8147-EMC,Male,0,No,Yes,56,Yes,No,Fiber optic,No,No,No,No,No,Yes,Month-to-month,Yes,Bank transfer (automatic),106.55,5944.02,Yes
5451-FPJ,Female,0,No,Yes,69,Yes,Yes,Fiber optic,Yes,No,No,Yes,Yes,No,One year,No,Electronic check,97.01,6718.47,No
4876-GSQ,Male,0,Yes,No,58,Yes,No,DSL,No,No,Yes,No,No,No,Month-to-month,No,Mailed check,59.26,3444.96,No
6959-HVX,Female,0,Yes,No,42,Yes,No,Fiber optic,No,No,No,No,No,Yes,Month-to-month,Yes,Mailed check,116.92,4931.04,Yes
1126-IYE,Female,1,Yes,No,38,No,No phone service,DSL,Yes,Yes,No,No,No,No,Two year,Yes,Mailed check,56.4,2156.31,No
4177-JBL,Female,0,No,No,68,Yes,Yes,DSL,No,No,No,No,Yes,Yes,Month-to-month,No,Credit card (automatic),82.43,5605.07,Yes
9795-KES,Female,0,No,No,53,Yes,Yes,DSL,No,Yes,No,No,No,Yes,One year,Yes,Electronic check,34.44,1806.06,No
7024-LHZ,Male,0,Yes,No,33,Yes,Yes,DSL,No,No,Yes,No,Yes,Yes,Month-to-month,No,Credit card (automatic),116.79,3845.62,Yes
6109-MKG,Female,0,Yes,No,71,Yes,No,Fiber optic,No,Yes,No,No,Yes,Yes,Month-to-month,No,Bank transfer (automatic),89.0,6342.84,Yes
5146-NNN,Male,0,No,Yes,56,Yes,No,Fiber optic,Yes,Yes,Yes,No,No,No,Month-to-month,Yes,Credit card (automatic),93.96,5282.54,No
8196-OQU,Male,0,Yes,No,72,Yes,Yes,No,No internet service,No internet service,No internet service,No internet service,No internet service,No internet service,Month-to-month,No,Mailed check,24.86,1780.63,No
4368-PTB,Male,0,No,No,51,Yes,Yes,Fiber optic,No,No,No,No,Yes,No,One year,Yes,Mailed check,94.97,4801.2,No
4797-QWI,Male,0,No,No,43,Yes,No,DSL,No,Yes,Yes,Yes,Yes,Yes,Month-to-month,No,Credit card (automatic),96.11,4129.54,No
2792-RZP,Female,0,Yes,Yes,15,Yes,No,No,No internet service,No internet service,No internet service,No internet service,No internet service,No internet service,Month-to-month,Yes,Credit card (automatic),85.76,1282.08,No
6732-SCW,Male,0,No,Yes,38,No,No phone service,Fiber optic,No,Yes,No,Yes,No,No,Month-to-month,No,Electronic check,47.59,1804.67,Yes
4476-TFD,Female,0,Yes,Yes,15,Yes,Yes,Fiber optic,No,No,Yes,No,Yes,No,One year,Yes,Electronic check,67.46,1019.83,Yes
4417-UIK,Male,0,Yes,No,5,Yes,Yes,Fiber optic,No,Yes,No,No,Yes,No,Two year,Yes,Mailed check,29.35,159.89,No
2645-VLR,Male,0,No,No,54,Yes,No,No,No internet service,No internet service,No internet service,No internet service,No internet service,No internet service,Month-to-month,Yes,Credit card (automatic),65.64,3559.41,Yes
4030-WOY,Female,0,Yes,Yes,51,Yes,Yes,Fiber optic,Yes,Yes,No,Yes,Yes,No,One year,No,Electronic check,42.75,2186.94,No
3872-XRF,Female,0,No,No,10,Yes,Yes,No,No internet service,No internet service,No internet service,No internet service,No internet service,No internet service,Two year,Yes,Bank transfer (automatic),53.33,506.29,No
4072-YUM,Female,0,No,No,12,Yes,No,DSL,Yes,No,Yes,No,No,Yes,One year,No,Bank transfer (automatic),34.59,409.96,No
2854-ZXT,Male,0,Yes,No,4,Yes,No,DSL,Yes,No,No,No,No,No,Month-to-month,Yes,Bank transfer (automatic),41.37,200.04,Yes
5021-AAA,Male,1,Yes,No,18,Yes,Yes,Fiber optic,No,No,No,No,No,No,One year,No,Bank transfer (automatic),25.95,472.71,No
5662-BDH,Female,0,Yes,Yes,36,No,No phone service,Fiber optic,Yes,No,No,Yes,Yes,No,One year,No,Mailed check,110.7,3990.72,No
7514-CGO,Female,0,Yes,No,25,Yes,Yes,Fiber optic,No,No,No,Yes,Yes,No,One year,Yes,Credit card (automatic),71.56,1794.39,No
6031-DJV,Female,0,Yes,No,36,Yes,Yes,No,No internet service,No internet service,No internet service,No internet service,No internet service,No internet service,One year,Yes,Bank transfer (automatic),58.12,2098.55,No
3708-EMC,Female,0,Yes,No,67,No,No phone service,DSL,Yes,No,No,No,Yes,Yes,Two year,Yes,Bank transfer (automatic),72.02,4789.59,No
8112-FPJ,Male,0,Yes,No,9,Yes,Yes,DSL,No,No,No,No,No,No,Month-to-month,Yes,Mailed check,81.39,728.92,Yes
9393-GSQ,Female,0,No,Yes,61,Yes,No,Fiber optic,Yes,Yes,No,No,No,Yes,Two year,Yes,Bank transfer (automatic),110.9,6764.33,No
4507-HVX,Female,1,No,No,53,Yes,Yes,Fiber optic,No,No,No,No,Yes,Yes,Month-to-month,No,Electronic check,36.21,1938.35,Yes
7456-IYE,Female,0,No,Yes,18,Yes,No,DSL,No,No,No,No,Yes,Yes,One year,Yes,Electronic check,47.95,863.82,Yes
5212-JBL,Female,0,Yes,No,43,Yes,No,Fiber optic,No,No,Yes,Yes,Yes,No,Month-to-month,No,Bank transfer (automatic),116.32,4977.06,Yes
8970-KES,Male,1,Yes,No,35,Yes,Yes,Fiber optic,No,Yes,Yes,No,No,Yes,Month-to-month,No,Mailed check,55.55,1950.7,Yes
9766-LHZ,Female,0,No,Yes,63,Yes,Yes,Fiber optic,No,Yes,Yes,No,No,No,One year,Yes,Bank transfer (automatic),20.52,1280.7,No
1536-MKG,Male,0,No,No,4,Yes,No,Fiber optic,No,No,Yes,No,No,No,One year,No,Electronic check,33.09,,Yes
2625-NNN,Female,0,Yes,Yes,41,Yes,No,DSL,Yes,Yes,No,No,No,No,Month-to-month,Yes,Bank transfer (automatic),20.9,844.39,No
8973-OQU,Female,0,No,No,45,Yes,No,No,No internet service,No internet service,No internet service,No internet service,No internet service,No internet service,Month-to-month,No,Mailed check,117.74,5306.44,Yes
9577-PTB,Male,0,No,No,50,Yes,Yes,Fiber optic,Yes,No,No,No,No,Yes,Month-to-month,Yes,Bank transfer (automatic),46.28,2332.88,No
9070-QWI,Female,1,No,No,28,Yes,No,DSL,No,No,Yes,No,Yes,No,Two year,No,Electronic check,111.07,3117.2,No
9666-RZP,Male,0,Yes,No,42,Yes,No,DSL,No,No,No,No,Yes,No,Two year,No,Bank transfer (automatic),118.34,4979.76,No
9609-SCW,Male,0,No,No,69,Yes,No,Fiber optic,No,Yes,No,No,No,No,Month-to-month,No,Credit card (automatic),78.53,5425.67,No
7490-TFD,Female,0,No,No,1,Yes,Yes,DSL,Yes,No,No,No,No,No,Two year,No,Electronic check,21.59,23.11,No
4600-UIK,Male,0,No,No,39,Yes,No,DSL,No,No,No,Yes,No,No,Two year,Yes,Electronic check,26.45,1042.0,No
7783-VLR,Male,1,No,No,17,Yes,No,Fiber optic,Yes,No,No,Yes,No,No,Month-to-month,Yes,Bank transfer (automatic),66.65,1096.77,Yes
5971-WOY,Male,0,No,Yes,35,Yes,Yes,DSL,Yes,Yes,Yes,Yes,No,No,One year,No,Bank transfer (automatic),59.07,2069.12,No
2205-XRF,Male,0,No,No,46,Yes,No,Fiber optic,Yes,Yes,Yes,Yes,No,Yes,Month-to-month,Yes,Bank transfer (automatic),79.17,3626.15,No
2990-YUM,Male,0,Yes,Yes,42,Yes,Yes,DSL,Yes,No,Yes,No,No,No,One year,No,Bank transfer (automatic),62.35,2636.14,No
6299-ZXT,Male,0,No,No,39,Yes,Yes,Fiber optic,Yes,Yes,No,Yes,No,No,Month-to-month,Yes,Mailed check,112.12,4370.47,No
4572-AAA,Male,0,No,Yes,49,No,No phone service,DSL,No,No,Yes,Yes,Yes,No,Month-to-month,No,Mailed check,71.99,3527.97,No
6975-BDH,Male,0,No,Yes,62,Yes,Yes,DSL,Yes,No,No,Yes,No,No,Month-to-month,Yes,Electronic check,87.97,5431.56,No
7320-CGO,Female,0,Yes,No,38,Yes,No,DSL,No,No,Yes,No,No,Yes,Month-to-month,Yes,Electronic check,108.35,4132.55,Yes
5380-DJV,Female,0,Yes,No,23,Yes,Yes,No,No internet service,No internet service,No internet service,No internet service,No internet service,No internet service,Two year,No,Bank transfer (automatic),33.01,768.64,No
5757-EMC,Male,0,No,No,22,No,No phone service,Fiber optic,Yes,No,No,No,No,No,Month-to-month,Yes,Electronic check,41.34,917.83,Yes
3713-FPJ,Female,0,No,Yes,4,Yes,No,DSL,No,Yes,Yes,Yes,No,No,Month-to-month,Yes,Credit card (automatic),29.04,103.96,No
6588-GSQ,Male,0,No,No,49,Yes,No,Fiber optic,No,Yes,Yes,Yes,No,No,Two year,Yes,Credit card (automatic),32.28,1570.12,No
1966-HVX,Male,0,No,No,59,Yes,Yes,Fiber optic,Yes,Yes,Yes,Yes,Yes,Yes,Month-to-month,Yes,Credit card (automatic),69.76,4119.19,No
5944-IYE,Female,0,No,No,68,Yes,No,No,No internet service,No internet service,No internet service,No internet service,No internet service,No internet service,Month-to-month,Yes,Credit card (automatic),50.53,3425.62,No
4432-JBL,Male,0,No,Yes,71,Yes,No,DSL,No,Yes,No,No,No,No,Two year,Yes,Mailed check,60.78,4321.9,No
1688-KES,Male,0,No,No,2,Yes,No,Fiber optic,No,No,Yes,Yes,Yes,No,Two year,Yes,Credit card (automatic),116.99,201.57,Yes
5243-LHZ,Male,0,No,Yes,49,Yes,No,DSL,No,Yes,No,No,No,Yes,Month-to-month,Yes,Electronic check,34.0,1658.69,Yes
4701-MKG,Male,0,No,No,31,Yes,No,DSL,Yes,No,Yes,No,No,Yes,Month-to-month,No,Electronic check,72.6,2277.55,Yes
9533-NNN,Female,0,Yes,No,40,No,No phone service,No,No internet service,No internet service,No internet service,No internet service,No internet service,No internet service,Two year,Yes,Credit card (automatic),28.19,1134.19,No
6182-OQU,Male,1,Yes,No,48,Yes,Yes,Fiber optic,No,No,No,Yes,Yes,No,Month-to-month,Yes,Electronic check,50.26,2414.98,No
7704-PTB,Male,0,No,No,51,Yes,No,DSL,No,No,No,No,Yes,Yes,Month-to-month,Yes,Credit card (automatic),71.27,3664.55,Yes
5422-QWI,Male,0,Yes,No,43,Yes,Yes,DSL,Yes,Yes,Yes,Yes,No,No,Month-to-month,No,Bank transfer (automatic),113.39,4840.73,No
2759-RZP,Female,0,Yes,No,55,Yes,No,Fiber optic,No,Yes,No,No,Yes,Yes,Month-to-month,Yes,Bank transfer (automatic),57.57,3154.12,Yes
3482-SCW,Male,0,Yes,No,49,Yes,Yes,Fiber optic,No,Yes,No,Yes,Yes,No,One year,No,Electronic check,24.77,1207.71,No
9058-TFD,Female,0,Yes,No,57,Yes,No,DSL,No,No,Yes,No,No,No,One year,Yes,Bank transfer (automatic),57.26,3276.7,No
1951-UIK,Female,0,Yes,No,15,Yes,No,No,No internet service,No internet service,No internet service,No internet service,No internet service,No internet service,Two year,Yes,Electronic check,32.9,506.63,No
9914-VLR,Male,1,Yes,No,27,Yes,No,DSL,No,Yes,Yes,No,No,No,One year,No,Credit card (automatic),41.36,1103.73,No
3079-WOY,Male,0,No,No,68,Yes,Yes,DSL,No,No,No,No,Yes,No,Month-to-month,Yes,Electronic check,80.37,5480.13,Yes
3717-XRF,Female,1,No,No,64,Yes,Yes,No,No internet service,No internet service,No internet service,No internet service,No internet service,No internet service,Month-to-month,Yes,Bank transfer (automatic),25.03,1595.87,No
5524-YUM,Male,0,Yes,No,30,Yes,No,DSL,Yes,No,No,Yes,No,No,Two year,No,Electronic check,64.95,1966.67,No
9477-ZXT,Female,0,Yes,No,36,Yes,No,DSL,No,No,No,Yes,No,No,Month-to-month,No,Electronic check,79.5,2846.51,Yes
8311-AAA,Female,1,No,Yes,67,Yes,Yes,Fiber optic,No,No,No,No,No,Yes,Month-to-month,No,Mailed check,60.65,4061.7,Yes
8186-BDH,Male,0,Yes,No,49,Yes,No,Fiber optic,Yes,Yes,No,No,No,No,Two year,No,Electronic check,20.17,980.98,No
3065-CGO,Male,0,No,No,55,Yes,No,DSL,Yes,No,Yes,No,Yes,Yes,One year,No,Bank transfer (automatic),117.29,6466.79,No
1768-DJV,Female,0,No,Yes,56,Yes,Yes,No,No internet service,No internet service,No internet service,No internet service,No internet service,No internet service,Month-to-month,No,Electronic check,55.15,3080.56,No
6490-EMC,Female,0,No,Yes,68,Yes,No,Fiber optic,Yes,No,No,Yes,Yes,No,Two year,Yes,Mailed check,96.5,6561.36,No
7645-FPJ,Female,0,Yes,No,44,Yes,No,DSL,No,No,No,Yes,Yes,Yes,Two year,No,Bank transfer (automatic),50.98,2250.72,No
6083-GSQ,Female,0,No,No,31,Yes,No,Fiber optic,Yes,No,No,No,No,Yes,Month-to-month,No,Electronic check,65.99,2053.87,Yes
6232-HVX,Male,0,Yes,No,58,Yes,Yes,DSL,No,No,No,Yes,No,No,Two year,Yes,Mailed check,57.29,3336.12,No
6797-IYE,Male,0,No,Yes,53,Yes,No,DSL,Yes,Yes,No,Yes,No,Yes,Month-to-month,Yes,Credit card (automatic),52.68,2795.21,No
5926-JBL,Male,0,No,No,23,Yes,No,Fiber optic,No,Yes,Yes,Yes,No,Yes,Month-to-month,Yes,Electronic check,20.45,464.08,Yes
7016-KES,Male,0,Yes,Yes,28,No,No phone service,No,No internet service,No internet service,No internet service,No internet service,No internet service,No internet service,Two year,No,Electronic check,54.43,1518.79,Yes
4335-LHZ,Male,0,Yes,No,16,Yes,Yes,DSL,No,Yes,No,No,No,No,Two year,Yes,Electronic check,107.64,1722.63,No
